序号,股票代码,股票简称,最新价,量价齐升天数,阶段涨幅,累计换手率,所属行业
1,688602,康鹏科技,7.38,5,26.15,19.71,电子化学品
2,002165,红宝丽,9.33,4,31.41,178.45,化学制品
3,002489,浙江永强,3.37,4,13.47,19.04,家居用品
4,000016,深康佳A,5.3,3,14.22,41.76,白色家电
5,000062,深圳华强,25.78,3,22.3,25.25,其他电子
6,002272,川润股份,9.78,3,21.49,32.91,通用设备
7,002294,信立泰,35.23,3,9.44,3.35,化学制药
8,002487,大金重工,25.59,3,17.01,10.27,风电设备
9,002640,跨境通,3.71,3,16.3,67.32,互联网电商
10,002675,东诚药业,14.75,3,15.87,10.33,化学制药
11,002693,双成药业,11.17,3,40.86,42.38,生物制品
12,300043,星辉娱乐,3.4,3,3.66,13.64,游戏
13,300204,舒泰神,7.77,3,15.28,11.52,化学制药
14,300338,*ST开元,4.39,3,0.69,12.57,教育
15,300422,博世科,4.13,3,7.27,7.89,环境治理
16,301056,森赫股份,8.42,3,7.81,9.82,专用设备
17,301209,联合化学,51.42,3,31.51,62.62,化学制品
18,301498,乖宝宠物,96.15,3,5.47,4.18,农产品加工
19,600249,两面针,7.35,3,46.12,23.37,美容护理
20,600735,新华锦,5.78,3,19.92,17.42,服装家纺
21,603039,泛微网络,62.36,3,6.74,4.29,软件开发
22,603508,思维列控,25.38,3,13.81,8.7,计算机设备
23,603655,朗博科技,22.77,3,1.25,5.36,汽车零部件
24,605008,长鸿高科,16.39,3,15.83,2.88,塑料制品
25,605580,恒盛能源,10.14,3,2.22,3.95,电力
26,688129,东来技术,19.55,3,5.9,3.21,化学制品
27,688386,泛亚微透,48.96,3,6.67,11.14,塑料制品
28,000010,美丽生态,2.52,2,-1.95,10.44,建筑装饰
29,000019,深粮控股,7.16,2,3.47,26.28,农产品加工
30,000037,深南电A,7.98,2,4.59,5.62,电力
31,000422,湖北宜化,12.25,2,2.6,14.68,农化制品
32,000498,山东路桥,5.72,2,2.14,2.08,建筑装饰
33,000505,京粮控股,7.37,2,12.35,21.4,农产品加工
34,000598,兴蓉环境,7.02,2,3.69,2.01,环境治理
35,000600,建投能源,6.77,2,19.4,14.34,电力
36,000609,*ST中迪,2.37,2,13.4,4.62,房地产
37,000639,西王食品,3.18,2,14.39,13.36,食品加工制造
38,000652,泰达股份,3.72,2,2.2,2.4,综合
39,000656,*ST金科,1.34,2,8.06,3.07,房地产
40,000669,ST金鸿,1.89,2,11.83,2.49,燃气
41,000695,滨海能源,9.49,2,2.93,5.16,电池
42,000710,贝瑞基因,13.02,2,-2.11,27.17,医疗服务
43,000752,ST西发,8.02,2,4.97,2.09,饮料制造
44,000767,晋控电力,2.68,2,4.28,2.12,电力
45,000791,甘肃能源,6.83,2,3.33,7.87,电力
46,000809,*ST和展,3.39,2,7.96,2.83,风电设备
47,000815,美利云,11.71,2,-1.76,14.97,通信服务
48,000862,银星能源,5.77,2,3.78,22.95,电力
49,000899,赣能股份,11.27,2,23.98,15.56,电力
50,000910,大亚圣象,7.57,2,0.4,2.12,家居用品
51,000917,电广传媒,7.34,2,3.82,13.69,文化传媒
52,000935,四川双马,15.97,2,4.86,3.2,建筑材料
53,000960,锡业股份,13.87,2,1.61,5.24,小金属
54,000966,长源电力,5.09,2,10.65,4.03,电力
55,000993,闽东电力,9.94,2,9.96,23.05,电力
56,001210,金房能源,13.36,2,1.75,4.11,电力
57,001218,丽臣实业,15.59,2,1.63,3.82,化学制品
58,001225,和泰机电,32.54,2,5.82,3.85,专用设备
59,001239,永达股份,13.91,2,1.24,9.78,工程机械
60,001256,炜冈科技,27.66,2,3.21,29.57,专用设备
61,001277,速达股份,34.37,2,3.96,10.98,专用设备
62,001279,强邦新材,39.34,2,14.0,11.57,包装印刷
63,001328,登康口腔,45.53,2,10.27,13.44,美容护理
64,001356,富岭股份,16.77,2,6.41,90.81,家居用品
65,001367,海森药业,26.48,2,-0.3,9.0,化学制药
66,001382,新亚电缆,22.41,2,8.89,62.25,电网设备
67,001387,雪祺电气,11.84,2,1.54,7.62,白色家电
68,001395,亚联机械,46.98,2,24.35,26.42,专用设备
69,001896,豫能控股,4.07,2,7.39,3.19,电力
70,002001,新和成,21.66,2,4.59,2.31,化学制药
71,002005,ST德豪,1.76,2,5.39,1.21,小家电
72,002052,*ST同洲,6.56,2,5.47,2.45,综合
73,002069,獐子岛,3.7,2,3.35,3.71,养殖业
74,002098,浔兴股份,8.95,2,24.31,4.72,纺织制造
75,002103,广博股份,8.77,2,5.28,27.04,家居用品
76,002121,科陆电子,4.23,2,10.16,5.26,电网设备
77,002122,汇洲智能,4.13,2,3.25,11.14,通用设备
78,002138,顺络电子,26.85,2,2.83,3.62,元件
79,002174,游族网络,8.76,2,2.94,3.83,游戏
80,002198,嘉应制药,6.5,2,2.69,3.72,中药
81,002216,三全食品,11.99,2,2.13,4.54,食品加工制造
82,002217,*ST合泰,2.15,2,4.37,1.45,光学光电子
83,002239,奥特佳,2.8,2,4.09,6.25,汽车零部件
84,002243,力合科创,7.7,2,-1.28,2.53,美容护理
85,002292,奥飞娱乐,8.06,2,-2.07,13.26,影视院线
86,002293,罗莱生活,8.4,2,5.0,1.49,服装家纺
87,002300,太阳电缆,5.62,2,0.72,9.04,电网设备
88,002301,齐心集团,6.83,2,5.24,7.84,家居用品
89,002310,*ST东园,2.0,2,3.63,2.17,环境治理
90,002315,焦点科技,37.17,2,2.37,14.33,互联网电商
91,002348,高乐股份,3.21,2,4.9,6.41,家居用品
92,002349,精华制药,6.94,2,0.29,2.25,中药
93,002394,联发股份,7.16,2,3.92,4.45,纺织制造
94,002397,梦洁股份,3.64,2,,7.12,服装家纺
95,002419,天虹股份,5.37,2,4.27,19.02,零售
96,002479,富春环保,4.83,2,5.92,5.79,电力
97,002486,嘉麟杰,1.99,2,5.29,6.75,服装家纺
98,002522,浙江众成,4.2,2,-0.47,7.11,塑料制品
99,002531,天顺风能,6.83,2,2.86,3.05,风电设备
100,002547,春兴精工,3.93,2,,6.86,汽车零部件
101,002555,三七互娱,14.28,2,1.42,3.76,游戏
102,002562,兄弟科技,4.0,2,5.26,10.46,化学制品
103,002577,雷柏科技,19.34,2,1.36,4.94,计算机设备
104,002598,山东章鼓,8.91,2,-0.45,6.13,通用设备
105,002615,哈尔斯,6.96,2,2.05,11.11,家居用品
106,002639,雪人股份,7.86,2,9.17,35.29,通用设备
107,002661,克明食品,10.31,2,5.1,9.55,食品加工制造
108,002668,TCL智家,9.98,2,2.57,2.73,白色家电
109,002686,亿利达,5.36,2,0.75,5.29,通用设备
110,002687,乔治白,4.18,2,2.45,3.81,服装家纺
111,002701,奥瑞金,5.37,2,6.13,3.09,包装印刷
112,002709,天赐材料,16.67,2,-1.54,3.11,电池
113,002712,思美传媒,5.28,2,6.45,5.67,文化传媒
114,002719,麦趣尔,8.79,2,22.42,14.62,食品加工制造
115,002727,一心堂,13.09,2,3.15,3.29,医药商业
116,002748,ST世龙,7.81,2,6.84,2.56,化学原料
117,002750,*ST龙津,1.28,2,3.23,4.76,中药
118,002753,永东股份,6.16,2,1.99,4.56,橡胶制品
119,002759,天际股份,7.03,2,1.15,2.53,电池
120,002760,凤形股份,18.08,2,7.3,15.32,通用设备
121,002763,汇洁股份,6.43,2,2.72,2.27,服装家纺
122,002793,罗欣药业,4.25,2,15.49,3.96,化学制药
123,002795,永和智控,4.55,2,7.06,11.86,通用设备
124,002809,红墙股份,7.84,2,1.69,6.52,化学制品
125,002820,桂发祥,12.3,2,15.71,15.8,食品加工制造
126,002827,高争民爆,26.35,2,2.25,6.17,化学制品
127,002836,新宏泽,7.9,2,3.13,4.1,包装印刷
128,002847,盐津铺子,83.66,2,10.66,5.0,食品加工制造
129,002848,高斯贝尔,5.34,2,3.09,14.78,黑色家电
130,002857,三晖电气,13.92,2,2.28,7.78,电网设备
131,002862,实丰文化,22.91,2,2.32,18.61,家居用品
132,002867,周大生,13.73,2,4.97,2.54,服装家纺
133,002878,元隆雅图,13.55,2,3.83,14.09,文化传媒
134,002882,金龙羽,16.71,2,9.72,6.26,电网设备
135,002893,京能热力,9.83,2,3.26,5.49,电力
136,002948,青岛银行,4.13,2,4.03,2.37,银行
137,002950,奥美医疗,8.31,2,3.62,5.43,医疗器械
138,002995,天地在线,16.91,2,1.08,6.33,文化传媒
139,003017,大洋生物,19.8,2,0.1,5.67,化学原料
140,003018,金富科技,9.83,2,4.46,3.77,包装印刷
141,003020,立方制药,23.01,2,21.55,7.86,化学制药
142,300010,豆神教育,7.05,2,3.22,9.62,教育
143,300019,硅宝科技,17.59,2,1.97,8.0,化学制品
144,300040,九洲集团,6.79,2,11.68,24.47,电力
145,300055,万邦达,4.74,2,-1.04,2.11,石油加工贸易
146,300068,南都电源,14.68,2,-0.61,12.38,电池
147,300069,金利华电,16.65,2,4.19,6.63,电网设备
148,300071,福石控股,4.99,2,3.53,15.51,文化传媒
149,300082,奥克股份,5.63,2,0.9,2.31,化学原料
150,300128,锦富技术,5.13,2,4.06,7.4,电池
151,300132,青松股份,5.26,2,6.05,7.23,美容护理
152,300173,福能东方,5.24,2,-0.57,9.69,电池
153,300181,佐力药业,16.55,2,0.49,7.57,中药
154,300200,高盟新材,11.42,2,10.87,44.94,化学制品
155,300209,*ST有树,5.22,2,14.22,4.95,互联网电商
156,300220,金运激光,14.45,2,3.58,15.54,自动化设备
157,300227,光韵达,7.79,2,1.3,5.91,自动化设备
158,300242,佳云科技,3.96,2,1.02,10.22,文化传媒
159,300269,联建光电,3.42,2,0.88,7.1,光学光电子
160,300311,任子行,5.61,2,1.08,13.49,软件开发
161,300317,珈伟新能,3.33,2,1.22,6.13,电力
162,300335,迪森股份,4.77,2,2.14,11.36,电力
163,300343,ST联创,3.96,2,4.21,6.08,化学制品
164,300378,鼎捷数智,32.89,2,4.81,12.88,软件开发
165,300402,宝色股份,16.44,2,0.31,13.74,通用设备
166,300459,汤姆猫,5.0,2,0.4,11.31,游戏
167,300464,星徽股份,5.01,2,15.7,11.33,互联网电商
168,300467,迅游科技,16.88,2,1.2,12.89,游戏
169,300477,合纵科技,2.59,2,0.39,12.94,电网设备
170,300492,华图山鼎,85.88,2,2.57,0.77,建筑装饰
171,300499,高澜股份,17.82,2,4.03,15.68,专用设备
172,300501,海顺新材,14.2,2,4.18,8.37,包装印刷
173,300518,新迅达,9.69,2,5.67,4.74,互联网电商
174,300530,领湃科技,25.87,2,22.66,9.61,电池
175,300550,和仁科技,11.77,2,0.09,2.64,软件开发
176,300557,理工光科,29.15,2,0.07,4.02,通用设备
177,300568,星源材质,8.95,2,-0.89,4.24,电池
178,300592,华凯易佰,12.07,2,4.77,11.38,互联网电商
179,300619,金银河,24.89,2,6.28,9.93,电池
180,300640,德艺文创,5.36,2,4.28,15.88,家居用品
181,300658,延江股份,5.36,2,1.9,6.6,美容护理
182,300694,蠡湖股份,12.5,2,1.71,8.06,汽车零部件
183,300701,森霸传感,9.49,2,3.72,4.64,光学光电子
184,300703,创源股份,15.09,2,21.89,34.02,家居用品
185,300710,万隆光电,16.34,2,0.68,4.36,通信设备
186,300757,罗博特科,171.7,2,6.2,6.92,自动化设备
187,300758,七彩化学,14.36,2,0.42,25.07,化学制品
188,300770,新媒股份,37.81,2,1.37,1.88,文化传媒
189,300771,智莱科技,9.57,2,1.38,7.12,计算机设备
190,300781,因赛集团,50.08,2,6.67,13.27,文化传媒
191,300783,三只松鼠,31.18,2,7.07,24.21,食品加工制造
192,300817,双飞集团,23.86,2,3.42,25.98,通用设备
193,300824,北鼎股份,9.02,2,0.89,4.91,小家电
194,300834,星辉环材,19.08,2,1.11,2.71,塑料制品
195,300880,迦南智能,22.77,2,3.22,4.26,电网设备
196,300886,华业香料,19.67,2,2.93,7.17,美容护理
197,300888,稳健医疗,44.44,2,4.81,5.53,美容护理
198,300908,仲景食品,30.04,2,4.05,5.11,食品加工制造
199,300949,奥雅股份,29.09,2,-0.51,3.87,建筑装饰
200,300983,尤安设计,16.21,2,0.31,1.16,建筑装饰
201,300986,志特新材,17.21,2,3.49,6.1,建筑材料
202,300994,久祺股份,14.24,2,25.91,17.01,汽车服务及其他
203,300997,欢乐家,16.36,2,12.44,12.03,饮料制造
204,301000,肇民科技,39.66,2,7.07,13.78,汽车零部件
205,301001,凯淳股份,28.84,2,5.06,19.75,互联网电商
206,301009,可靠股份,10.74,2,2.29,10.28,美容护理
207,301011,华立科技,25.35,2,1.68,18.67,家居用品
208,301025,读客文化,11.41,2,19.6,18.5,文化传媒
209,301043,绿岛风,28.73,2,6.45,1.91,通用设备
210,301055,张小泉,15.76,2,10.99,7.9,家居用品
211,301059,金三江,9.88,2,2.81,5.87,美容护理
212,301090,华润材料,6.94,2,0.73,2.96,化学制品
213,301102,兆讯传媒,9.72,2,1.89,7.62,文化传媒
214,301110,青木科技,47.47,2,7.89,22.8,互联网电商
215,301119,正强股份,29.48,2,11.75,6.75,汽车零部件
216,301149,隆华新材,9.26,2,-0.22,5.07,化学制品
217,301170,锡南科技,21.92,2,2.1,9.08,汽车零部件
218,301235,华康洁净,19.45,2,2.31,4.44,医疗服务
219,301248,杰创智能,18.89,2,3.56,22.42,IT服务
220,301270,汉仪股份,32.35,2,6.84,10.54,软件开发
221,301276,嘉曼服饰,20.4,2,2.93,15.42,服装家纺
222,301310,鑫宏业,28.56,2,3.48,13.91,汽车零部件
223,301376,致欧科技,17.39,2,2.05,3.32,家居用品
224,301381,赛维时代,20.75,2,6.96,6.81,互联网电商
225,301528,多浦乐,41.96,2,4.74,4.04,通用设备
226,301535,浙江华远,19.24,2,7.01,63.19,汽车零部件
227,301558,三态股份,10.47,2,41.3,74.09,互联网电商
228,301606,绿联科技,34.73,2,1.49,20.75,消费电子
229,600000,浦发银行,10.51,2,4.37,0.45,银行
230,600015,华夏银行,7.88,2,4.1,0.52,银行
231,600028,中国石化,5.66,2,1.8,0.27,石油加工贸易
232,600053,九鼎投资,13.1,2,6.16,9.41,多元金融
233,600101,明星电力,12.96,2,11.92,45.98,电力
234,600113,浙江东日,14.08,2,2.77,1.88,零售
235,600156,华升股份,5.21,2,8.32,8.91,纺织制造
236,600163,中闽能源,5.3,2,5.79,1.65,电力
237,600189,泉阳泉,6.63,2,0.76,2.68,饮料制造
238,600216,浙江医药,12.76,2,1.75,3.54,化学制药
239,600223,福瑞达,7.82,2,4.13,4.92,美容护理
240,600232,金鹰股份,5.16,2,0.98,2.83,纺织制造
241,600273,嘉化能源,8.17,2,2.51,4.11,化学制品
242,600287,ST舜天,4.42,2,4.74,1.3,贸易
243,600305,恒顺醋业,7.79,2,3.59,2.98,食品加工制造
244,600352,浙江龙盛,9.74,2,8.46,2.7,化学制品
245,600356,恒丰纸业,7.27,2,1.25,2.01,造纸
246,600367,红星发展,12.86,2,1.26,9.25,化学原料
247,600396,华电辽能,2.56,2,4.49,2.56,电力
248,600400,红豆股份,2.19,2,1.39,2.29,服装家纺
249,600439,瑞贝卡,3.74,2,18.35,8.65,服装家纺
250,600444,国机通用,13.89,2,1.02,4.17,专用设备
251,600461,洪城环境,10.2,2,3.76,4.33,环境治理
252,600505,西昌电力,13.94,2,23.04,25.3,电力
253,600538,国发股份,4.86,2,0.83,3.46,医疗器械
254,600568,ST中珠,1.28,2,0.79,1.33,医疗服务
255,600644,乐山电力,9.34,2,33.05,16.28,电力
256,600684,珠江股份,3.29,2,1.54,4.32,房地产
257,600714,金瑞矿业,10.39,2,3.59,9.94,化学原料
258,600727,鲁北化工,7.74,2,0.39,17.07,化学制品
259,600731,湖南海利,6.54,2,4.47,6.12,农化制品
260,600734,实达集团,3.9,2,-3.94,6.85,IT服务
261,600744,华银电力,3.7,2,7.25,14.85,电力
262,600857,宁波中百,9.34,2,3.43,17.99,零售
263,600866,星湖科技,6.98,2,7.55,5.99,化学制品
264,600880,博瑞传播,4.29,2,0.7,3.15,教育
265,600882,妙可蓝多,28.14,2,9.07,10.79,饮料制造
266,600908,无锡银行,5.51,2,2.04,1.68,银行
267,600925,苏能股份,5.13,2,1.58,0.93,煤炭开采加工
268,600962,国投中鲁,12.54,2,2.03,4.51,饮料制造
269,600969,郴电国际,7.17,2,11.16,15.22,电力
270,600981,汇鸿集团,2.76,2,12.2,6.6,贸易
271,600987,航民股份,7.0,2,1.89,2.23,纺织制造
272,601009,南京银行,10.45,2,2.35,0.61,银行
273,601016,节能风电,2.86,2,1.06,1.8,电力
274,601033,永兴股份,15.63,2,2.02,6.48,环境治理
275,601089,福元医药,14.85,2,-0.27,3.96,化学制药
276,601166,兴业银行,20.94,2,0.92,0.46,银行
277,601169,北京银行,6.12,2,2.0,0.77,银行
278,601279,英利汽车,3.52,2,8.31,1.41,汽车零部件
279,601500,通用股份,4.61,2,,4.42,汽车零部件
280,601528,瑞丰银行,5.08,2,1.8,1.82,银行
281,601595,上海电影,30.69,2,6.49,4.58,影视院线
282,601609,金田股份,6.03,2,5.42,1.51,工业金属
283,601658,邮储银行,5.25,2,2.94,0.58,银行
284,601665,齐鲁银行,6.15,2,2.5,1.04,银行
285,601818,光大银行,3.78,2,3.56,0.65,银行
286,601963,重庆银行,9.96,2,6.75,1.17,银行
287,601985,中国核电,9.41,2,1.95,0.9,电力
288,601988,中国银行,5.62,2,3.69,0.23,银行
289,601991,大唐发电,2.93,2,4.27,1.69,电力
290,603023,*ST威帝,3.05,2,2.35,1.3,汽车零部件
291,603026,石大胜华,33.73,2,0.36,2.29,电池
292,603032,德新科技,12.69,2,1.04,3.27,电池
293,603037,凯众股份,14.57,2,-0.21,6.37,汽车零部件
294,603059,倍加洁,21.35,2,0.61,2.96,美容护理
295,603060,国检集团,6.39,2,-0.16,1.65,其他社会服务
296,603073,彩蝶实业,14.82,2,2.99,9.17,纺织制造
297,603090,宏盛股份,23.51,2,19.89,8.66,通用设备
298,603097,江苏华辰,20.8,2,,4.6,电网设备
299,603110,东方材料,16.85,2,17.26,8.44,化学制品
300,603116,红蜻蜓,4.82,2,1.05,3.17,服装家纺
301,603170,宝立食品,13.79,2,4.0,6.03,食品加工制造
302,603172,万丰股份,13.51,2,1.73,6.31,化学制品
303,603176,汇通集团,4.4,2,0.23,1.75,建筑装饰
304,603177,德创环保,7.37,2,1.24,4.31,环境治理
305,603192,汇得科技,15.98,2,3.77,5.75,化学制品
306,603193,润本股份,35.49,2,4.38,10.88,美容护理
307,603197,保隆科技,34.29,2,-5.93,4.89,汽车零部件
308,603213,镇洋发展,8.72,2,1.99,2.1,化学原料
309,603217,元利科技,17.03,2,6.64,3.44,化学制品
310,603222,济民健康,5.92,2,0.51,3.0,医疗器械
311,603227,雪峰科技,10.1,2,9.07,5.51,化学原料
312,603237,五芳斋,19.33,2,3.7,14.74,食品加工制造
313,603273,天元智能,16.51,2,6.31,11.92,工程机械
314,603279,景津装备,16.83,2,5.85,1.94,通用设备
315,603282,亚光股份,14.67,2,1.95,3.26,环保设备
316,603312,西典新能,38.13,2,4.87,8.65,电网设备
317,603317,天味食品,14.31,2,1.78,3.99,食品加工制造
318,603321,梅轮电梯,6.93,2,-0.72,3.38,专用设备
319,603356,华菱精工,12.07,2,-1.07,3.03,专用设备
320,603363,*ST傲农,3.53,2,6.65,2.66,农产品加工
321,603365,水星家纺,14.68,2,1.1,0.7,服装家纺
322,603367,辰欣药业,13.68,2,1.63,1.61,化学制药
323,603373,安邦护卫,28.63,2,1.17,3.96,其他社会服务
324,603377,ST东时,3.02,2,1.0,3.83,教育
325,603378,亚士创能,6.82,2,11.26,5.37,建筑材料
326,603429,集友股份,8.25,2,8.27,3.94,包装印刷
327,603511,爱慕股份,13.98,2,9.05,1.96,服装家纺
328,603517,绝味食品,17.32,2,8.25,17.66,食品加工制造
329,603518,锦泓集团,8.53,2,1.31,8.58,服装家纺
330,603533,掌阅科技,17.69,2,1.9,2.67,文化传媒
331,603580,艾艾精工,16.57,2,1.47,3.44,塑料制品
332,603586,金麒麟,12.89,2,0.55,2.25,汽车零部件
333,603590,康辰药业,29.78,2,7.39,7.29,生物制品
334,603598,引力传媒,15.85,2,-0.19,6.78,文化传媒
335,603599,广信股份,10.66,2,-2.2,1.58,农化制品
336,603608,*ST天创,4.75,2,11.24,1.61,服装家纺
337,603630,拉芳家化,19.44,2,12.57,18.94,美容护理
338,603637,镇海股份,9.45,2,7.39,6.6,建筑装饰
339,603661,恒林股份,25.8,2,0.98,1.53,家居用品
340,603697,有友食品,11.67,2,6.09,10.49,食品加工制造
341,603725,天安新材,6.6,2,3.61,3.49,家居用品
342,603866,桃李面包,5.96,2,4.56,4.52,食品加工制造
343,603869,ST智知,5.7,2,3.64,0.66,IT服务
344,603887,城地香江,17.84,2,-0.34,9.73,通信服务
345,603917,合力科技,12.07,2,5.69,10.59,汽车零部件
346,603950,长源东谷,22.86,2,-0.13,2.91,汽车零部件
347,603955,大千生态,20.33,2,18.61,8.26,建筑装饰
348,603959,ST百利,3.56,2,5.64,3.14,电池
349,603969,银龙股份,5.8,2,0.69,2.95,通用设备
350,603983,丸美生物,41.08,2,9.4,2.55,美容护理
351,603998,方盛制药,9.74,2,2.31,6.37,中药
352,605009,豪悦护理,54.63,2,8.18,7.18,美容护理
353,605069,正和生态,8.9,2,5.33,42.56,环境治理
354,605179,一鸣食品,21.95,2,5.07,9.84,饮料制造
355,605339,南侨食品,16.84,2,3.5,0.75,食品加工制造
356,605366,宏柏新材,5.36,2,0.19,1.34,化学制品
357,605377,华旺科技,11.66,2,0.95,0.75,造纸
358,605499,东鹏饮料,274.9,2,7.71,0.98,饮料制造
359,688068,热景生物,118.78,2,6.77,6.11,医疗器械
360,688109,品茗科技,27.83,2,9.57,5.07,软件开发
361,688156,路德环境,16.37,2,10.31,13.34,农产品加工
362,688163,赛伦生物,16.44,2,0.37,5.44,生物制品
363,688196,卓越新能,43.71,2,4.34,3.06,化学制品
364,688203,海正生材,9.53,2,0.11,1.94,塑料制品
365,688365,光云科技,11.53,2,0.87,5.87,IT服务
366,688499,利元亨,23.27,2,-0.21,5.23,电池
367,688518,联赢激光,14.8,2,-0.13,4.18,自动化设备
368,688737,中自科技,16.54,2,-1.08,4.82,汽车零部件
369,000004,国华网安,9.65,1,-5.95,11.42,软件开发
370,000026,飞亚达,10.28,1,-1.06,1.19,服装家纺
371,000030,富奥股份,5.17,1,-0.77,1.31,汽车零部件
372,000032,深桑达A,21.68,1,-2.74,4.31,建筑装饰
373,000036,华联控股,3.53,1,-3.82,1.28,房地产
374,000158,常山北明,20.0,1,-2.49,4.12,IT服务
375,000409,云鼎科技,10.77,1,-2.8,8.72,IT服务
376,000423,东阿阿胶,62.91,1,-0.03,0.95,中药
377,000506,*ST中润,6.42,1,5.07,3.46,贵金属
378,000510,新金路,4.66,1,-8.45,17.55,化学原料
379,000521,长虹美菱,7.72,1,-1.4,4.84,白色家电
380,000523,红棉股份,3.39,1,-1.45,2.63,综合
381,000538,云南白药,57.0,1,-0.42,0.5,中药
382,000559,万向钱潮,6.1,1,-4.84,1.87,汽车零部件
383,000591,太阳能,4.33,1,-0.46,0.61,电力
384,000601,韶能股份,5.94,1,-3.26,21.61,电力
385,000607,华媒控股,3.73,1,-2.1,1.47,文化传媒
386,000635,英力特,7.8,1,-2.38,1.07,化学原料
387,000636,风华高科,13.28,1,-2.5,1.43,元件
388,000637,茂化实华,3.22,1,-3.01,1.59,石油加工贸易
389,000638,万方发展,4.92,1,-3.15,3.24,农产品加工
390,000659,珠海中富,3.34,1,,3.81,包装印刷
391,000670,盈方微,6.5,1,-7.01,19.91,其他电子
392,000672,上峰水泥,8.11,1,-0.37,1.32,建筑材料
393,000678,襄阳轴承,11.29,1,-5.13,15.9,汽车零部件
394,000681,视觉中国,18.84,1,-3.09,6.59,文化传媒
395,000711,*ST京蓝,1.85,1,-1.6,5.19,环境治理
396,000719,中原传媒,11.87,1,,1.64,文化传媒
397,000721,西安饮食,9.68,1,0.94,10.75,旅游及酒店
398,000722,湖南发展,12.14,1,-4.03,9.84,电力
399,000731,四川美丰,7.02,1,-1.96,5.23,农化制品
400,000753,漳州发展,5.67,1,2.16,10.0,综合
401,000757,浩物股份,3.57,1,-2.72,2.64,汽车服务及其他
402,000782,恒申新材,5.08,1,-0.59,3.51,化学纤维
403,000793,ST华闻,2.47,1,1.65,2.42,文化传媒
404,000797,中国武夷,2.79,1,-1.06,3.74,房地产
405,000813,德展健康,3.23,1,-4.44,4.47,化学制药
406,000833,粤桂股份,11.4,1,-4.68,10.85,综合
407,000869,张裕A,22.19,1,0.68,0.44,饮料制造
408,000895,双汇发展,27.74,1,0.14,0.26,食品加工制造
409,000906,浙商中拓,6.07,1,-1.46,2.27,物流
410,000909,ST数源,5.83,1,2.64,1.98,房地产
411,000912,泸天化,4.49,1,-0.44,0.72,农化制品
412,000915,华特达因,30.0,1,-0.89,2.2,化学制药
413,000921,海信家电,27.03,1,-2.21,1.46,白色家电
414,000930,中粮科技,5.88,1,,2.83,农产品加工
415,000967,盈峰环境,5.68,1,-2.74,1.21,环保设备
416,000985,大庆华科,15.89,1,-2.1,0.86,石油加工贸易
417,000989,ST九芝,8.39,1,,1.59,中药
418,000990,诚志股份,7.15,1,-1.92,0.83,化学原料
419,000999,华润三九,45.2,1,-0.24,1.09,中药
420,001201,东瑞股份,14.83,1,-2.75,3.2,养殖业
421,001217,华尔泰,11.06,1,-0.45,5.51,化学原料
422,001219,青岛食品,14.16,1,-2.75,9.27,食品加工制造
423,001228,永泰运,25.04,1,10.02,7.36,物流
424,001234,泰慕士,25.55,1,9.99,18.34,服装家纺
425,001255,博菲电气,25.24,1,-3.22,3.7,塑料制品
426,001260,坤泰股份,16.8,1,-1.7,3.14,汽车零部件
427,001283,豪鹏科技,47.41,1,-4.01,6.81,电池
428,001288,运机集团,27.82,1,-4.4,3.84,专用设备
429,001338,永顺泰,11.73,1,-0.76,7.79,农产品加工
430,001359,平安电工,29.17,1,-2.51,6.79,非金属材料
431,001378,德冠新材,20.38,1,-1.5,1.45,塑料制品
432,001380,华纬科技,28.2,1,0.71,4.86,汽车零部件
433,002014,永新股份,11.86,1,-0.34,1.07,包装印刷
434,002037,保利联合,7.58,1,-3.32,1.51,化学制品
435,002042,华孚时尚,6.03,1,-2.27,3.4,纺织制造
436,002065,东华软件,9.31,1,-3.62,6.7,IT服务
437,002083,孚日股份,4.24,1,-2.08,1.57,纺织制造
438,002090,金智科技,8.79,1,-2.01,3.57,电网设备
439,002092,ST中泰,4.35,1,-1.14,0.76,化学原料
440,002093,国脉科技,10.49,1,-2.69,6.18,教育
441,002116,中国海诚,9.88,1,0.82,0.92,建筑装饰
442,002117,东港股份,11.5,1,-1.37,4.47,包装印刷
443,002120,韵达股份,6.96,1,0.29,0.82,物流
444,002127,南极电商,3.99,1,-5.67,9.85,互联网电商
445,002142,宁波银行,24.23,1,0.58,0.48,银行
446,002154,报喜鸟,3.81,1,-4.27,2.52,服装家纺
447,002167,东方锆业,8.32,1,-4.59,6.59,小金属
448,002181,粤传媒,5.21,1,-2.62,2.52,文化传媒
449,002193,如意集团,5.38,1,-3.93,8.53,服装家纺
450,002199,*ST东晶,4.96,1,-3.31,4.96,元件
451,002224,三力士,4.2,1,-3.45,1.49,橡胶制品
452,002228,合兴包装,2.93,1,-2.01,1.03,包装印刷
453,002255,海陆重工,8.05,1,-4.85,27.33,其他电源设备
454,002259,ST升达,2.47,1,3.35,1.16,燃气
455,002261,拓维信息,25.84,1,-2.08,7.21,软件开发
456,002262,恩华药业,22.07,1,-2.3,1.47,化学制药
457,002264,新华都,6.21,1,-6.05,12.67,文化传媒
458,002279,久其软件,7.07,1,5.84,7.36,软件开发
459,002309,*ST中利,2.55,1,-1.16,0.62,电网设备
460,002318,久立特材,24.17,1,-0.08,0.57,钢铁
461,002322,理工能科,12.68,1,-3.13,2.08,软件开发
462,002324,普利特,9.82,1,7.2,1.65,塑料制品
463,002326,永太科技,9.42,1,-2.48,2.03,化学制品
464,002327,富安娜,8.42,1,-0.47,0.89,服装家纺
465,002343,慈文传媒,6.91,1,7.3,3.31,影视院线
466,002360,同德化工,4.56,1,-2.77,1.76,化学制品
467,002393,力生制药,15.92,1,-1.73,0.74,化学制药
468,002400,省广集团,7.01,1,-1.96,4.16,文化传媒
469,002402,和而泰,18.28,1,-4.69,11.09,白色家电
470,002440,闰土股份,6.4,1,-1.69,0.68,化学制品
471,002469,三维化学,8.02,1,-1.6,5.66,化学原料
472,002471,中超控股,3.19,1,-5.9,21.84,电网设备
473,002474,榕基软件,6.13,1,-2.85,5.67,IT服务
474,002488,金固股份,11.95,1,-1.24,1.07,汽车零部件
475,002490,ST墨龙,3.85,1,-2.04,3.49,专用设备
476,002507,涪陵榨菜,13.55,1,-0.66,1.67,食品加工制造
477,002511,中顺洁柔,6.54,1,-0.76,0.89,美容护理
478,002520,日发精机,5.7,1,-4.68,7.6,通用设备
479,002529,海源复材,6.6,1,-1.49,6.96,专用设备
480,002553,南方精工,20.78,1,5.43,25.29,汽车零部件
481,002557,洽洽食品,27.33,1,0.59,3.16,食品加工制造
482,002563,森马服饰,6.93,1,-1.14,0.84,服装家纺
483,002564,天沃科技,4.83,1,10.02,0.14,专用设备
484,002569,ST步森,6.74,1,-3.99,1.41,服装家纺
485,002574,明牌珠宝,6.0,1,-2.12,8.12,服装家纺
486,002580,圣阳股份,11.38,1,-5.56,13.04,电池
487,002582,好想你,11.12,1,0.36,25.49,食品加工制造
488,002585,双星新材,4.69,1,-1.88,0.97,塑料制品
489,002597,金禾实业,23.41,1,-3.31,1.14,化学制品
490,002605,姚记科技,26.13,1,-2.79,6.96,游戏
491,002611,东方精工,11.79,1,-2.32,12.47,专用设备
492,002612,朗姿股份,16.19,1,0.81,5.65,服装家纺
493,002623,亚玛顿,13.34,1,-3.12,1.08,光伏设备
494,002634,棒杰股份,3.32,1,-2.35,1.86,服装家纺
495,002637,赞宇科技,8.47,1,-3.31,1.41,化学制品
496,002650,ST加加,4.68,1,-0.64,0.36,食品加工制造
497,002657,中科金财,17.47,1,-2.35,6.27,IT服务
498,002664,信质集团,15.06,1,-3.59,3.43,汽车零部件
499,002667,威领股份,13.68,1,-3.39,16.9,能源金属
500,002702,海欣食品,4.11,1,-0.73,9.52,食品加工制造
501,002717,岭南股份,3.0,1,-6.56,9.86,环境治理
502,002721,ST金一,2.51,1,-1.57,0.73,服装家纺
503,002731,萃华珠宝,9.5,1,-1.35,3.06,服装家纺
504,002734,利民股份,11.76,1,-2.73,16.63,农化制品
505,002739,万达电影,11.13,1,-1.59,1.1,影视院线
506,002743,富煌钢构,5.94,1,-2.14,6.51,建筑装饰
507,002752,昇兴股份,5.34,1,-1.48,1.57,包装印刷
508,002769,普路通,6.72,1,-1.32,2.4,物流
509,002783,凯龙股份,7.67,1,-1.79,2.97,化学制品
510,002789,建艺集团,7.54,1,-5.99,14.6,建筑装饰
511,002791,坚朗五金,25.76,1,-1.6,7.73,建筑材料
512,002796,世嘉科技,10.62,1,-6.35,5.01,通信设备
513,002805,丰元股份,11.34,1,-3.57,4.17,电池
514,002807,江阴银行,4.31,1,0.7,1.38,银行
515,002839,张家港行,4.13,1,,0.97,银行
516,002840,华统股份,11.2,1,-3.37,3.83,食品加工制造
517,002871,伟隆股份,9.0,1,-1.42,2.14,通用设备
518,002872,ST天圣,4.0,1,-0.5,1.02,化学制药
519,002885,京泉华,12.34,1,-1.28,3.97,其他电子
520,002886,沃特股份,16.93,1,-2.92,4.92,塑料制品
521,002889,东方嘉盛,20.46,1,0.1,3.96,物流
522,002890,弘宇股份,11.01,1,-2.31,5.1,专用设备
523,002910,庄园牧场,9.15,1,-0.87,13.57,饮料制造
524,002915,中欣氟材,11.62,1,-3.41,2.4,化学制品
525,002923,润都股份,12.95,1,-10.01,16.83,化学制药
526,002933,新兴装备,31.17,1,0.16,3.52,军工装备
527,002966,苏州银行,7.98,1,1.92,0.92,银行
528,002969,嘉美包装,3.15,1,-1.87,1.51,包装印刷
529,002973,侨银股份,10.11,1,-3.07,1.45,环境治理
530,002980,华盛昌,23.69,1,-1.95,3.31,电网设备
531,002991,甘源食品,79.94,1,-3.69,6.49,食品加工制造
532,003000,劲仔食品,13.56,1,-3.14,19.05,食品加工制造
533,003003,天元股份,9.44,1,-5.04,13.22,包装印刷
534,003008,开普检测,19.38,1,-2.95,1.64,其他社会服务
535,003016,欣贺股份,6.89,1,-0.29,1.45,服装家纺
536,003027,同兴科技,14.17,1,-2.14,1.62,环境治理
537,003043,华亚智能,56.66,1,3.53,7.83,半导体
538,300017,网宿科技,10.77,1,0.28,3.52,IT服务
539,300030,阳普医疗,5.39,1,-4.6,2.67,医疗器械
540,300035,中科电气,14.37,1,-2.44,5.37,电池
541,300048,合康新能,4.88,1,-2.79,1.43,建筑装饰
542,300073,当升科技,37.26,1,-2.23,2.64,电池
543,300083,创世纪,8.09,1,-1.7,8.16,通用设备
544,300100,双林股份,74.15,1,0.45,14.18,汽车零部件
545,300109,新开源,15.46,1,-3.86,4.25,化学制品
546,300111,向日葵,2.75,1,-2.48,1.11,化学制药
547,300113,顺网科技,17.09,1,-2.62,3.76,通信服务
548,300121,阳谷华泰,11.89,1,3.12,4.72,橡胶制品
549,300133,华策影视,6.68,1,-2.48,5.29,影视院线
550,300146,汤臣倍健,11.23,1,-0.27,0.9,食品加工制造
551,300148,天舟文化,4.09,1,-2.39,5.5,文化传媒
552,300154,瑞凌股份,9.1,1,-3.7,3.21,通用设备
553,300160,秀强股份,5.04,1,-1.37,1.29,白色家电
554,300161,华中数控,26.26,1,-3.85,3.31,通用设备
555,300163,ST先锋,2.91,1,-2.35,4.67,家居用品
556,300170,汉得信息,16.45,1,-2.66,9.82,IT服务
557,300171,东富龙,11.56,1,-2.12,1.52,医疗器械
558,300174,元力股份,14.26,1,-0.7,1.42,化学制品
559,300175,ST朗源,4.83,1,-1.23,3.44,农产品加工
560,300206,理邦仪器,10.83,1,-3.04,1.22,医疗器械
561,300208,*ST中程,1.83,1,-4.19,1.46,综合
562,300239,东宝生物,5.01,1,-5.47,3.8,生物制品
563,300250,初灵信息,14.21,1,-3.92,7.5,IT服务
564,300261,雅本化学,6.18,1,-0.64,2.89,农化制品
565,300263,隆华科技,6.82,1,-4.08,4.57,通用设备
566,300266,兴源环境,2.23,1,-0.89,3.09,环境治理
567,300278,华昌达,5.44,1,-3.89,3.06,自动化设备
568,300289,利德曼,4.4,1,-3.08,1.29,医疗器械
569,300299,富春股份,5.4,1,-2.7,4.04,游戏
570,300305,裕兴股份,5.0,1,-3.29,1.3,塑料制品
571,300307,慈星股份,8.1,1,-5.15,4.38,专用设备
572,300331,苏大维格,18.34,1,-3.42,6.32,光学光电子
573,300340,科恒股份,8.97,1,-4.37,4.79,电池
574,300345,华民股份,6.11,1,0.49,9.52,光伏设备
575,300350,华鹏飞,6.2,1,-6.2,29.02,物流
576,300354,东华测试,39.42,1,-2.95,5.11,通用设备
577,300376,ST易事特,3.3,1,-1.79,1.19,其他电源设备
578,300385,雪浪环境,4.56,1,-1.72,1.37,环保设备
579,300403,汉宇集团,14.9,1,-0.53,18.0,白色家电
580,300409,道氏技术,13.73,1,-2.9,5.6,电池
581,300410,正业科技,4.74,1,-4.44,2.59,电池
582,300419,ST浩丰,5.09,1,-1.93,2.84,IT服务
583,300435,中泰股份,12.37,1,-2.52,1.8,燃气
584,300438,鹏辉能源,23.4,1,-2.01,3.29,电池
585,300444,双杰电气,6.52,1,-8.17,6.4,电网设备
586,300450,先导智能,19.45,1,0.41,2.06,电池
587,300452,山河药辅,12.51,1,-4.28,18.31,化学制药
588,300470,中密控股,34.38,1,-2.61,1.57,通用设备
589,300473,德尔股份,25.25,1,-2.85,7.86,汽车零部件
590,300478,杭州高新,11.66,1,-6.64,11.8,塑料制品
591,300484,蓝海华腾,17.79,1,-2.41,4.12,自动化设备
592,300490,华自科技,7.14,1,-2.99,2.35,其他电源设备
593,300494,盛天网络,10.86,1,-2.95,3.74,游戏
594,300509,新美星,7.16,1,-4.66,3.75,专用设备
595,300535,达威股份,13.57,1,-2.23,2.38,化学制品
596,300545,联得装备,29.7,1,2.87,4.64,光学光电子
597,300555,ST路通,10.18,1,-0.78,4.0,通信设备
598,300564,筑博设计,11.64,1,-3.48,3.2,建筑装饰
599,300571,平治信息,26.31,1,-3.8,5.74,文化传媒
600,300595,欧普康视,14.66,1,-2.27,2.03,医疗器械
601,300599,雄塑科技,6.87,1,-4.32,9.3,建筑材料
602,300610,晨化股份,10.05,1,4.25,2.81,化学制品
603,300633,开立医疗,31.51,1,-1.51,1.28,医疗器械
604,300641,正丹股份,29.37,1,2.37,5.79,化学制品
605,300648,星云股份,24.65,1,-2.18,4.06,电池
606,300654,世纪天鸿,9.9,1,-1.2,3.51,文化传媒
607,300666,江丰电子,71.24,1,-6.34,5.63,半导体
608,300673,佩蒂股份,14.21,1,-2.8,5.4,农产品加工
609,300683,海特生物,21.28,1,-3.62,1.12,医疗服务
610,300695,兆丰股份,56.52,1,-3.04,2.5,汽车零部件
611,300702,天宇股份,18.94,1,1.07,2.52,化学制药
612,300707,威唐工业,13.38,1,-3.74,5.54,汽车零部件
613,300708,聚灿光电,10.94,1,-2.58,4.42,光学光电子
614,300712,永福股份,21.77,1,-2.77,1.68,建筑装饰
615,300715,凯伦股份,9.74,1,-2.21,1.74,建筑材料
616,300718,长盛轴承,74.68,1,-3.7,10.66,通用设备
617,300729,乐歌股份,15.92,1,11.25,7.43,家居用品
618,300740,水羊股份,11.61,1,-3.49,3.9,美容护理
619,300743,天地数码,14.43,1,-1.3,3.87,计算机设备
620,300750,宁德时代,222.56,1,-2.46,0.68,电池
621,300774,倍杰特,8.19,1,-2.38,1.65,环境治理
622,300775,三角防务,24.9,1,2.26,3.99,军工装备
623,300776,帝尔激光,57.09,1,-1.48,2.01,光伏设备
624,300784,利安科技,49.28,1,0.9,4.24,消费电子
625,300789,唐源电气,24.31,1,-2.6,8.36,计算机设备
626,300791,仙乐健康,24.33,1,-2.68,1.88,食品加工制造
627,300808,久量股份,25.38,1,-1.93,1.25,光学光电子
628,300837,浙矿股份,19.94,1,-1.09,1.01,专用设备
629,300853,申昊科技,20.74,1,-1.89,6.32,自动化设备
630,300854,中兰环保,12.85,1,-3.24,2.89,环境治理
631,300856,科思股份,21.73,1,-1.32,1.12,美容护理
632,300858,科拓生物,14.12,1,-3.68,9.61,化学制品
633,300860,锋尚文化,25.15,1,-1.64,3.52,其他社会服务
634,300864,南大环境,19.17,1,-1.59,0.64,环境治理
635,300876,蒙泰高新,25.68,1,-3.02,1.37,化学纤维
636,300879,大叶股份,15.54,1,-3.18,3.92,专用设备
637,300885,海昌新材,12.8,1,-6.51,13.17,通用设备
638,300890,翔丰华,25.73,1,-3.49,6.52,电池
639,300894,火星人,12.78,1,-2.29,2.65,厨卫电器
640,300896,爱美客,182.15,1,-1.69,1.68,美容护理
641,300897,山科智能,25.59,1,-1.12,3.1,通用设备
642,300901,中胤时尚,12.88,1,-0.77,2.27,服装家纺
643,300905,宝丽迪,23.38,1,-2.3,3.05,化学纤维
644,300909,汇创达,23.97,1,-2.56,2.27,光学光电子
645,300918,南山智尚,15.51,1,-5.54,7.66,服装家纺
646,300927,江天化学,30.68,1,1.93,17.84,化学原料
647,300935,盈建科,19.55,1,-0.05,2.46,软件开发
648,300938,信测标准,29.72,1,-4.44,6.32,其他社会服务
649,300943,春晖智控,12.15,1,-3.03,3.36,通用设备
650,300946,恒而达,27.83,1,-2.52,3.86,通用设备
651,300955,嘉亨家化,16.03,1,-2.73,7.99,美容护理
652,300957,贝泰妮,42.5,1,-2.75,2.09,美容护理
653,300963,中洲特材,16.2,1,-6.31,42.04,金属新材料
654,300967,晓鸣股份,22.4,1,-7.48,26.3,养殖业
655,300971,博亚精工,20.77,1,-4.02,4.86,专用设备
656,300972,万辰集团,114.4,1,1.24,2.31,零售
657,300973,立高食品,44.94,1,1.28,5.89,食品加工制造
658,300995,奇德新材,28.17,1,-9.13,20.92,塑料制品
659,301003,江苏博云,25.21,1,-2.06,1.86,塑料制品
660,301012,扬电科技,23.24,1,-2.35,3.61,电网设备
661,301023,江南奕帆,57.7,1,-2.07,5.89,电机
662,301035,润丰股份,56.29,1,2.2,0.3,农化制品
663,301037,保立佳,11.6,1,-2.28,5.65,化学制品
664,301057,汇隆新材,14.17,1,-1.05,5.19,化学纤维
665,301076,新瀚新材,23.18,1,-2.52,3.73,化学制品
666,301079,邵阳液压,24.76,1,-8.06,38.12,工程机械
667,301087,可孚医疗,32.54,1,-1.75,1.78,医疗器械
668,301098,金埔园林,7.66,1,-1.29,2.02,建筑装饰
669,301100,风光股份,14.56,1,-2.87,1.8,化学制品
670,301105,鸿铭股份,28.62,1,-3.71,10.57,专用设备
671,301108,洁雅股份,29.47,1,0.48,9.89,美容护理
672,301135,瑞德智能,21.55,1,-2.62,2.87,白色家电
673,301138,华研精机,28.21,1,-2.72,4.95,专用设备
674,301152,天力锂能,21.32,1,-2.38,3.39,电池
675,301168,通灵股份,26.88,1,-2.92,6.23,光伏设备
676,301173,毓恬冠佳,48.8,1,0.41,9.6,汽车零部件
677,301198,喜悦智行,9.31,1,-3.32,1.93,包装印刷
678,301208,中亦科技,40.55,1,-2.78,25.73,IT服务
679,301212,联盛化学,21.98,1,-3.26,9.18,化学制品
680,301222,浙江恒威,24.48,1,-2.55,2.81,电池
681,301228,实朴检测,23.96,1,-0.58,6.21,其他社会服务
682,301238,瑞泰新材,16.66,1,-4.25,12.88,电池
683,301256,华融化学,13.88,1,-7.16,13.88,化学原料
684,301290,东星医疗,22.88,1,-1.8,2.95,医疗器械
685,301292,海科新源,12.69,1,-2.31,2.33,电池
686,301295,美硕科技,19.88,1,-1.97,4.36,电网设备
687,301298,东利机械,13.76,1,-3.78,6.14,汽车零部件
688,301300,远翔新材,30.37,1,-2.79,13.34,橡胶制品
689,301313,凡拓数创,20.25,1,-3.11,5.15,文化传媒
690,301316,慧博云通,25.57,1,1.59,7.89,IT服务
691,301320,豪江智能,14.61,1,-2.14,5.98,自动化设备
692,301325,曼恩斯特,50.57,1,-1.31,8.28,电池
693,301331,恩威医药,27.37,1,-1.01,16.53,中药
694,301339,通行宝,20.79,1,-2.12,4.63,计算机设备
695,301349,信德新材,31.55,1,-2.71,1.94,电池
696,301355,南王科技,10.77,1,-6.83,12.18,包装印刷
697,301356,天振股份,14.15,1,-2.41,3.19,家居用品
698,301371,敷尔佳,33.48,1,-4.15,7.93,美容护理
699,301378,通达海,24.61,1,-3.0,3.28,软件开发
700,301397,溯联股份,28.71,1,-2.08,4.56,汽车零部件
701,301418,协昌科技,30.89,1,-2.77,3.09,自动化设备
702,301487,盟固利,18.26,1,-3.89,6.7,电池
703,301501,恒鑫生活,50.0,1,1.24,19.98,家居用品
704,301507,民生健康,12.07,1,-2.11,3.01,化学制药
705,301557,常友科技,77.0,1,5.42,8.99,风电设备
706,301565,中仑新材,20.8,1,-1.98,12.38,塑料制品
707,301571,国科天成,43.27,1,5.18,8.14,军工电子
708,301580,爱迪特,48.65,1,-1.93,3.31,医疗器械
709,301587,中瑞股份,19.87,1,-2.17,1.83,电池
710,301601,惠通科技,40.64,1,-0.47,29.53,专用设备
711,301631,壹连科技,106.39,1,0.09,5.66,汽车零部件
712,600011,华能国际,7.05,1,0.43,0.55,电力
713,600016,民生银行,4.0,1,-0.25,0.62,银行
714,600027,华电国际,5.62,1,,1.13,电力
715,600036,招商银行,41.91,1,-0.45,0.3,银行
716,600037,歌华有线,6.88,1,-1.15,0.71,文化传媒
717,600079,人福医药,20.47,1,-2.06,1.01,化学制药
718,600107,美尔雅,4.82,1,-3.6,6.45,服装家纺
719,600128,苏豪弘业,10.75,1,5.39,15.94,贸易
720,600129,太极集团,22.19,1,-0.81,4.66,中药
721,600132,重庆啤酒,58.87,1,-0.19,0.7,饮料制造
722,600137,浪莎股份,14.47,1,-2.36,1.21,服装家纺
723,600177,雅戈尔,7.97,1,0.38,0.39,服装家纺
724,600179,安通控股,2.9,1,-3.01,1.9,港口航运
725,600193,创兴资源,3.54,1,-7.33,6.24,建筑装饰
726,600215,派斯林,9.76,1,2.85,9.29,自动化设备
727,600229,城市传媒,6.47,1,-0.77,0.74,文化传媒
728,600234,*ST科新,6.17,1,-2.22,0.77,建筑装饰
729,600258,首旅酒店,15.92,1,3.92,2.11,旅游及酒店
730,600259,广晟有色,36.3,1,0.83,3.62,小金属
731,600283,钱江水利,9.87,1,-1.79,2.9,环境治理
732,600285,羚锐制药,22.89,1,-0.44,1.25,中药
733,600288,大恒科技,8.13,1,-2.87,2.25,软件开发
734,600289,*ST信通,7.18,1,4.66,3.79,通信服务
735,600303,ST曙光,3.87,1,4.88,0.19,汽车整车
736,600315,上海家化,21.4,1,-2.06,2.7,美容护理
737,600345,长江通信,22.32,1,-3.04,3.72,通信设备
738,600354,敦煌种业,6.31,1,-4.39,18.43,种植业与林业
739,600373,中文传媒,11.7,1,0.09,2.94,文化传媒
740,600375,*ST汉马,6.46,1,1.41,0.9,汽车整车
741,600381,ST春天,4.39,1,-4.57,2.03,食品加工制造
742,600382,广东明珠,4.31,1,-0.23,0.72,钢铁
743,600398,海澜之家,8.17,1,-4.44,0.55,服装家纺
744,600419,天润乳业,11.24,1,-2.01,5.88,饮料制造
745,600421,华嵘控股,5.93,1,-7.63,8.75,通用设备
746,600422,昆药集团,18.25,1,0.28,3.81,中药
747,600436,片仔癀,205.95,1,0.08,0.3,中药
748,600455,博通股份,24.28,1,0.12,3.06,教育
749,600479,千金药业,9.98,1,-1.19,1.25,中药
750,600490,鹏欣资源,3.99,1,-0.99,5.34,工业金属
751,600501,航天晨光,17.03,1,-3.24,2.48,专用设备
752,600509,天富能源,6.21,1,-2.36,2.67,电力
753,600535,天士力,15.22,1,-0.2,0.81,中药
754,600543,莫高股份,5.03,1,0.4,5.84,饮料制造
755,600571,信雅达,14.93,1,-5.39,11.65,IT服务
756,600595,中孚实业,3.41,1,-3.12,2.22,工业金属
757,600610,中毅达,11.21,1,4.28,21.07,化学原料
758,600623,华谊集团,6.63,1,-1.19,0.71,化学原料
759,600640,国脉文化,11.08,1,-1.77,0.57,文化传媒
760,600668,尖峰集团,10.7,1,0.28,2.22,建筑材料
761,600671,ST目药,11.88,1,-0.42,2.31,中药
762,600711,ST盛屯,5.52,1,-2.3,2.81,工业金属
763,600715,*ST文投,2.16,1,-0.92,1.15,影视院线
764,600746,江苏索普,9.26,1,-3.34,5.92,化学原料
765,600750,江中药业,23.39,1,-1.31,2.02,中药
766,600777,ST新潮,2.8,1,0.72,2.5,油气开采及服务
767,600794,保税科技,3.71,1,-0.54,7.28,物流
768,600796,钱江生化,5.32,1,-2.03,2.09,环境治理
769,600797,浙大网新,9.6,1,-6.16,17.24,IT服务
770,600804,*ST鹏博,0.98,1,-4.85,8.32,通信服务
771,600805,悦达投资,4.21,1,-2.55,1.28,综合
772,600810,神马股份,7.57,1,-0.13,0.76,化学纤维
773,600819,耀皮玻璃,4.97,1,-1.58,0.69,建筑材料
774,600884,杉杉股份,6.28,1,-2.48,1.46,光学光电子
775,600887,伊利股份,29.46,1,0.27,0.66,饮料制造
776,600889,南京化纤,15.28,1,-3.6,2.76,化学纤维
777,600894,广日股份,11.53,1,-1.12,0.92,专用设备
778,600919,江苏银行,9.7,1,1.36,0.68,银行
779,600926,杭州银行,14.58,1,0.21,0.66,银行
780,600928,西安银行,3.37,1,0.3,0.41,银行
781,600935,华塑股份,2.35,1,-0.84,0.45,化学原料
782,600961,株冶集团,9.58,1,-1.64,3.35,工业金属
783,600986,浙文互联,7.3,1,-3.69,4.66,文化传媒
784,600993,马应龙,26.82,1,-0.48,1.76,中药
785,601006,大秦铁路,6.76,1,1.2,0.46,公路铁路运输
786,601077,渝农商行,6.5,1,0.62,0.83,银行
787,601096,宏盛华源,4.1,1,-1.68,1.14,电网设备
788,601107,四川成渝,5.64,1,1.99,1.06,公路铁路运输
789,601128,常熟银行,7.21,1,0.42,2.49,银行
790,601177,杭齿前进,17.13,1,-2.5,10.6,通用设备
791,601229,上海银行,10.24,1,2.09,0.32,银行
792,601288,农业银行,5.34,1,0.75,0.19,银行
793,601318,中国平安,49.44,1,-0.78,0.38,保险
794,601566,九牧王,8.09,1,-0.98,0.64,服装家纺
795,601598,中国外运,4.9,1,,0.77,物流
796,601601,中国太保,30.09,1,-1.12,0.41,保险
797,601668,中国建筑,5.42,1,0.74,0.34,建筑装饰
798,601678,滨化股份,3.83,1,-2.3,2.13,化学原料
799,601838,成都银行,17.53,1,0.75,0.61,银行
800,601858,中国科传,18.39,1,-0.92,0.34,文化传媒
801,601860,紫金银行,2.68,1,,1.07,银行
802,601916,浙商银行,2.97,1,1.02,0.58,银行
803,601949,中国出版,6.78,1,-1.02,0.92,文化传媒
804,601997,贵阳银行,5.78,1,0.52,0.77,银行
805,603003,*ST龙宇,5.04,1,-3.63,1.85,通信服务
806,603006,联明股份,10.44,1,-3.33,1.84,汽车零部件
807,603008,喜临门,15.85,1,-1.55,1.0,家居用品
808,603017,中衡设计,7.86,1,-2.6,0.8,建筑装饰
809,603020,爱普股份,8.1,1,-1.58,1.35,化学制品
810,603022,新通联,8.06,1,-2.77,2.0,包装印刷
811,603027,千禾味业,11.71,1,2.9,1.36,食品加工制造
812,603031,安孚科技,26.6,1,-1.04,1.35,电池
813,603033,三维股份,11.48,1,-2.13,0.43,橡胶制品
814,603041,美思德,10.74,1,-1.56,0.76,化学制品
815,603043,广州酒家,16.22,1,0.56,1.14,食品加工制造
816,603051,鹿山新材,22.7,1,-2.66,1.75,化学制品
817,603058,永吉股份,7.44,1,-2.74,1.35,包装印刷
818,603065,宿迁联盛,7.17,1,-2.05,1.03,化学制品
819,603066,音飞储存,10.77,1,-1.19,3.26,物流
820,603076,乐惠国际,22.48,1,-0.57,2.33,专用设备
821,603082,北自科技,38.66,1,1.18,1.03,通用设备
822,603086,先达股份,5.4,1,-2.88,4.94,农化制品
823,603087,甘李药业,43.56,1,-1.6,1.13,生物制品
824,603115,海星股份,12.93,1,-2.71,1.03,电子化学品
825,603117,万林物流,6.09,1,-2.56,6.37,物流
826,603119,浙江荣泰,36.6,1,-4.16,7.91,汽车零部件
827,603121,华培动力,20.6,1,-0.39,7.57,汽车零部件
828,603122,合富中国,6.24,1,-2.65,1.1,医药商业
829,603139,康惠制药,19.25,1,-1.84,6.11,中药
830,603155,新亚强,12.9,1,-2.42,1.68,化学制品
831,603159,上海亚虹,12.73,1,-3.71,1.09,专用设备
832,603161,科华控股,10.39,1,-3.53,2.6,汽车零部件
833,603173,福斯达,22.49,1,-3.06,2.58,专用设备
834,603181,皇马科技,11.63,1,-1.52,1.04,化学制品
835,603189,网达软件,16.49,1,-1.2,4.02,软件开发
836,603194,中力股份,33.04,1,2.04,5.02,工程机械
837,603200,上海洗霸,37.63,1,-1.08,10.91,环境治理
838,603205,健尔康,37.69,1,10.01,4.19,医疗器械
839,603214,爱婴室,23.94,1,-0.17,13.0,零售
840,603235,天新药业,28.4,1,-2.67,1.97,化学制药
841,603257,中国瑞林,61.68,1,-1.44,58.42,建筑装饰
842,603271,永杰新材,35.42,1,-0.06,11.68,工业金属
843,603280,南方路机,22.22,1,-3.68,11.21,工程机械
844,603285,键邦股份,21.55,1,-1.15,13.28,化学制品
845,603288,海天味业,42.78,1,0.05,0.25,食品加工制造
846,603301,振德医疗,20.45,1,-2.01,0.69,医疗器械
847,603310,巍华新材,16.85,1,-0.35,2.64,化学制品
848,603318,水发燃气,6.25,1,-0.79,1.75,燃气
849,603320,迪贝电气,15.52,1,-2.94,1.99,电机
850,603332,苏州龙杰,8.69,1,-2.9,1.99,化学纤维
851,603345,安井食品,79.9,1,0.2,2.01,食品加工制造
852,603359,东珠生态,5.12,1,-5.53,10.38,环境治理
853,603389,亚振家居,6.32,1,2.1,5.32,家居用品
854,603392,万泰生物,69.99,1,2.47,0.29,医疗器械
855,603409,汇通控股,37.54,1,1.32,17.67,汽车零部件
856,603456,九洲药业,13.37,1,-4.7,6.62,医疗服务
857,603458,勘设股份,6.23,1,-3.71,3.08,建筑装饰
858,603477,巨星农牧,22.62,1,-4.27,8.94,养殖业
859,603527,众源新材,8.59,1,-2.72,2.8,工业金属
860,603536,惠发食品,9.38,1,-0.74,11.63,食品加工制造
861,603538,美诺华,13.26,1,-3.49,3.77,化学制药
862,603587,地素时尚,12.26,1,0.41,1.36,服装家纺
863,603605,珀莱雅,77.29,1,-2.47,1.45,美容护理
864,603607,京华激光,17.2,1,-5.75,7.38,包装印刷
865,603618,杭电股份,6.15,1,-3.45,2.9,电网设备
866,603648,畅联股份,10.05,1,-3.74,7.09,物流
867,603656,泰禾智能,18.11,1,-3.31,4.89,专用设备
868,603659,璞泰来,17.31,1,0.17,1.11,电池
869,603667,五洲新春,32.98,1,-2.69,5.71,通用设备
870,603687,大胜达,6.77,1,-5.05,1.59,包装印刷
871,603696,安记食品,10.26,1,9.97,9.42,食品加工制造
872,603711,香飘飘,14.17,1,-0.28,1.85,饮料制造
873,603712,七一二,19.9,1,-2.36,1.88,军工电子
874,603713,密尔克卫,48.22,1,-3.4,2.77,物流
875,603716,塞力医疗,9.63,1,-4.27,9.28,医药商业
876,603719,良品铺子,12.83,1,-1.84,4.69,食品加工制造
877,603739,蔚蓝生物,14.32,1,-5.54,11.67,化学制品
878,603777,来伊份,14.67,1,-0.61,9.19,食品加工制造
879,603801,志邦家居,10.67,1,-1.93,1.53,家居用品
880,603810,丰山集团,12.51,1,-1.65,1.31,农化制品
881,603813,原尚股份,13.69,1,-3.25,1.98,物流
882,603816,顾家家居,23.56,1,-1.63,0.93,家居用品
883,603817,海峡环保,5.41,1,-0.37,1.02,环境治理
884,603828,ST柯利达,5.15,1,-2.09,0.17,建筑装饰
885,603836,海程邦达,14.52,1,-1.89,7.7,物流
886,603839,安正时尚,5.43,1,-1.81,1.29,服装家纺
887,603859,能科科技,27.88,1,-2.69,2.19,IT服务
888,603867,新化股份,23.71,1,-2.03,1.28,化学制品
889,603877,太平鸟,16.41,1,-3.19,0.98,服装家纺
890,603879,ST永悦,4.77,1,-1.65,7.37,塑料制品
891,603885,吉祥航空,13.12,1,1.71,0.56,机场航运
892,603886,元祖股份,14.42,1,0.07,1.93,食品加工制造
893,603899,晨光股份,29.62,1,-3.17,0.62,家居用品
894,603901,永创智能,8.86,1,-3.9,3.56,专用设备
895,603903,中持股份,6.49,1,-1.82,0.9,环境治理
896,603906,龙蟠科技,9.48,1,-2.67,2.56,电池
897,603922,金鸿顺,21.92,1,,1.75,汽车零部件
898,603966,法兰泰克,8.05,1,-3.36,1.73,专用设备
899,603978,深圳新星,12.09,1,-3.28,1.72,金属新材料
900,605003,众望布艺,18.49,1,-0.16,0.96,服装家纺
901,605016,百龙创园,17.83,1,-2.67,2.93,化学制品
902,605028,世茂能源,15.76,1,-2.05,0.9,电力
903,605055,迎丰股份,5.33,1,0.19,1.33,纺织制造
904,605081,太和水,11.01,1,-4.43,7.37,环境治理
905,605088,冠盛股份,31.29,1,-2.83,4.73,汽车零部件
906,605100,华丰股份,21.2,1,-5.23,8.04,通用设备
907,605116,奥锐特,20.59,1,-3.33,0.83,化学制药
908,605122,四方新材,10.23,1,-1.92,0.9,建筑材料
909,605180,华生科技,12.61,1,-2.1,2.09,纺织制造
910,605188,国光连锁,11.4,1,10.04,3.1,零售
911,605208,永茂泰,10.07,1,-4.09,14.58,工业金属
912,605300,佳禾食品,14.17,1,-1.05,1.84,饮料制造
913,605337,李子园,13.24,1,2.64,6.86,饮料制造
914,605338,巴比食品,20.08,1,-2.14,4.6,食品加工制造
915,605368,蓝天燃气,10.54,1,-1.03,0.55,燃气
916,605388,均瑶健康,6.6,1,0.61,1.95,饮料制造
917,605500,森林包装,6.57,1,-1.2,0.43,造纸
918,605599,菜百股份,13.19,1,2.97,1.61,服装家纺
919,688030,山石网科,14.99,1,-3.66,0.88,软件开发
920,688049,炬芯科技,49.4,1,-1.36,10.72,半导体
921,688058,宝兰德,26.98,1,-3.23,1.47,软件开发
922,688077,大地熊,23.42,1,-3.82,3.15,金属新材料
923,688089,嘉必优,24.54,1,-2.04,7.12,化学制品
924,688090,瑞松科技,36.02,1,-4.58,2.34,自动化设备
925,688098,申联生物,5.48,1,-6.16,0.78,养殖业
926,688105,诺唯赞,24.88,1,-2.09,0.97,生物制品
927,688116,天奈科技,39.42,1,-1.42,3.3,电池
928,688137,近岸蛋白,32.04,1,-1.6,1.54,生物制品
929,688139,海尔生物,32.7,1,-0.79,0.88,医疗器械
930,688155,先惠技术,39.72,1,-2.58,1.6,电池
931,688160,步科股份,103.51,1,-1.31,3.0,自动化设备
932,688178,万德斯,18.62,1,-4.51,2.57,环境治理
933,688184,帕瓦股份,11.76,1,-1.67,0.65,电池
934,688187,时代电气,44.83,1,-2.5,1.91,轨交设备
935,688217,睿昂基因,20.62,1,-2.09,0.86,医疗器械
936,688225,亚信安全,21.53,1,-1.6,3.19,软件开发
937,688229,博睿数据,45.36,1,-6.92,5.27,IT服务
938,688246,嘉和美康,29.28,1,-2.69,2.57,软件开发
939,688265,南模生物,25.1,1,-3.9,1.83,医疗服务
940,688269,凯立新材,27.62,1,-2.51,2.02,化学制品
941,688277,天智航,11.48,1,-4.09,1.09,医疗器械
942,688295,中复神鹰,19.82,1,-0.55,0.3,化学纤维
943,688303,大全能源,18.75,1,0.54,1.2,光伏设备
944,688317,之江生物,16.14,1,-2.18,0.55,医疗器械
945,688329,艾隆科技,14.72,1,-1.6,0.99,自动化设备
946,688353,华盛锂电,20.39,1,-0.97,1.62,电池
947,688356,键凯科技,57.22,1,-4.33,1.82,化学制药
948,688363,华熙生物,47.66,1,-1.3,0.62,美容护理
949,688366,昊海生科,53.7,1,-3.49,0.43,医疗器械
950,688367,工大高科,15.0,1,-1.19,0.9,轨交设备
951,688369,致远互联,28.02,1,-1.99,3.42,软件开发
952,688377,迪威尔,18.32,1,-2.45,1.21,专用设备
953,688390,固德威,44.26,1,0.23,2.05,光伏设备
954,688400,凌云光,24.9,1,-3.19,7.85,自动化设备
955,688409,富创精密,51.4,1,-3.4,2.86,半导体
956,688466,金科环境,15.56,1,-1.71,0.37,环境治理
957,688489,三未信安,33.26,1,-2.12,1.19,计算机设备
958,688501,青达环保,20.72,1,-3.13,3.97,环保设备
959,688506,百利天恒,255.14,1,-1.61,1.45,化学制药
960,688528,秦川物联,8.25,1,-3.28,0.53,通用设备
961,688565,力源科技,6.36,1,-2.0,1.23,环境治理
962,688567,孚能科技,12.32,1,-2.76,1.01,电池
963,688573,信宇人,16.7,1,-4.02,10.8,电池
964,688577,浙海德曼,56.6,1,-1.12,1.94,通用设备
965,688603,天承科技,71.51,1,0.32,4.18,电子化学品
966,688615,合合信息,226.33,1,0.81,11.82,软件开发
967,688619,罗普特,8.26,1,-1.9,0.8,计算机设备
968,688621,阳光诺和,43.3,1,-3.56,3.66,医疗服务
969,688630,芯碁微装,70.51,1,-2.38,4.8,专用设备
970,688659,元琛科技,6.39,1,-3.18,1.74,化学制品
971,688679,通源环境,10.66,1,1.33,1.44,环境治理
972,688716,中研股份,30.34,1,-2.54,3.93,塑料制品
973,688778,厦钨新能,45.98,1,-0.9,1.37,电池
974,688788,科思科技,74.28,1,-3.87,1.96,军工电子
975,688819,天能股份,24.8,1,-2.02,0.22,电池
