时间,成交,金额,笔数
9:15,8.5,5950,0
9:16,8.41,113535,0
9:17,8.41,185861,0
9:17,8.41,113535,0
9:18,8.41,113535,0
9:18,8.41,113535,0
9:19,8.41,113535,0
9:19,8.5,6800,0
9:20,8.5,15300,0
9:21,8.5,20400,0
9:22,8.5,25500,0
9:22,8.5,34000,0
9:22,8.5,34000,0
9:23,8.5,36550,0
9:23,8.5,36550,0
9:23,8.49,38205,0
9:23,8.49,39054,0
9:23,8.49,42450,0
9:23,8.49,46695,0
9:24,8.48,96672,0
9:24,8.48,96672,0
9:24,8.48,96672,0
9:24,8.47,111804,0
9:25,8.47,114345,25
9:30,8.47,262570,22
9:30,8.46,153126,10
9:30,8.47,31339,10
9:30,8.46,177660,15
9:30,8.42,44626,7
9:30,8.42,247548,20
9:30,8.41,26071,3
9:30,8.4,41160,12
9:30,8.4,0,0
9:30,8.4,6720,3
9:30,8.42,24418,12
9:30,8.41,13456,8
9:30,8.4,194880,20
9:30,8.4,24360,8
9:30,8.39,83900,20
9:30,8.39,29365,10
9:30,8.4,139440,15
9:30,8.4,50400,7
9:30,8.42,263546,30
9:30,8.42,23576,12
9:31,8.42,29470,7
9:31,8.42,12630,6
9:31,8.41,26912,4
9:31,8.42,2526,1
9:31,8.42,5894,5
9:31,8.42,1684,2
9:31,8.42,15156,8
9:31,8.42,5894,2
9:31,8.42,111144,10
9:31,8.42,53888,4
9:31,8.42,0,0
9:31,8.43,85986,9
9:31,8.41,51301,7
9:31,8.41,19343,18
9:31,8.41,0,0
9:31,8.41,0,0
9:31,8.42,85042,9
9:31,8.42,8420,6
9:31,8.42,6736,8
9:31,8.42,5894,7
9:32,8.42,5894,5
9:32,8.43,75027,18
9:32,8.41,9251,2
9:32,8.42,181872,13
9:32,8.42,0,0
9:32,8.42,0,0
9:32,8.42,2526,2
9:32,8.42,21892,1
9:32,8.42,57256,4
9:32,8.42,14314,5
9:32,8.42,15156,6
9:32,8.42,8420,3
9:32,8.42,13472,2
9:32,8.42,0,0
9:32,8.42,3368,4
9:32,8.42,8420,4
9:32,8.42,842,1
9:32,8.42,61466,6
9:32,8.42,0,0
9:32,8.43,64068,8
9:33,8.43,9273,2
9:33,8.43,0,0
9:33,8.43,1686,2
9:33,8.43,5058,3
9:33,8.43,843,1
9:33,8.42,49678,14
9:33,8.43,27819,6
9:33,8.43,843,1
9:33,8.43,0,0
9:33,8.43,0,0
9:33,8.43,0,0
9:33,8.43,29505,2
9:33,8.43,11802,5
9:33,8.43,22761,2
9:33,8.43,12645,8
9:33,8.43,74184,7
9:33,8.43,32034,28
9:33,8.43,11802,7
9:34,8.43,0,0
9:34,8.43,13488,13
9:34,8.43,82614,4
9:34,8.43,1686,1
9:34,8.43,0,0
9:34,8.43,1686,1
9:34,8.43,10116,2
9:34,8.43,101160,14
9:34,8.43,8430,1
9:34,8.43,31191,2
9:34,8.42,92620,12
9:34,8.43,843,1
9:34,8.43,0,0
9:34,8.43,0,0
9:34,8.42,21892,1
9:34,8.42,12630,3
9:34,8.43,843,1
9:34,8.43,0,0
9:35,8.42,53888,14
9:35,8.42,3368,3
9:35,8.43,47208,5
9:35,8.43,0,0
9:35,8.43,0,0
9:35,8.42,8420,4
9:35,8.42,18524,3
9:35,8.42,39574,6
9:35,8.41,13456,6
9:35,8.42,16840,1
9:35,8.41,16820,1
9:35,8.41,15979,5
9:35,8.41,10092,1
9:35,8.41,0,0
9:35,8.41,28594,4
9:35,8.42,13472,3
9:35,8.42,0,0
9:35,8.42,18524,6
9:35,8.43,281562,22
9:36,8.42,16840,3
9:36,8.42,0,0
9:36,8.42,0,0
9:36,8.41,202681,15
9:36,8.42,17682,3
9:36,8.41,928464,39
9:36,8.41,0,0
9:36,8.41,0,0
9:36,8.41,0,0
9:36,8.42,63150,9
9:36,8.41,84941,2
9:36,8.41,841,1
9:36,8.42,47152,3
9:36,8.42,7578,1
9:36,8.41,22707,2
9:36,8.41,0,0
9:36,8.41,0,0
9:36,8.41,100920,3
9:37,8.42,842,1
9:37,8.43,14331,2
9:37,8.43,35406,19
9:37,8.43,143310,20
9:37,8.43,33720,3
9:37,8.43,0,0
9:37,8.43,0,0
9:37,8.43,0,0
9:37,8.43,0,0
9:37,8.42,69886,11
9:37,8.43,12645,4
9:37,8.43,0,0
9:37,8.43,0,0
9:37,8.43,16860,1
9:37,8.43,0,0
9:37,8.42,1684,1
9:37,8.43,16860,1
9:38,8.42,63150,11
9:38,8.43,24447,6
9:38,8.43,23604,7
9:38,8.42,1684,1
9:38,8.43,843,1
9:38,8.44,85244,7
9:38,8.44,0,0
9:38,8.45,7605,3
9:38,8.45,845,1
9:38,8.44,5908,2
9:38,8.44,10128,1
9:38,8.45,32110,7
9:38,8.44,8440,5
9:38,8.44,75960,23
9:38,8.44,723308,61
9:38,8.43,843,1
9:38,8.43,10959,7
9:39,8.45,82810,15
9:39,8.46,29610,2
9:39,8.46,1692,1
9:39,8.46,13536,4
9:39,8.46,0,0
9:39,8.45,5070,1
9:39,8.45,0,0
9:39,8.45,29575,1
9:39,8.45,6760,2
9:39,8.46,10998,1
9:39,8.45,718250,2
9:39,8.45,16900,1
9:39,8.45,4225,1
9:39,8.44,2532,1
9:39,8.45,19435,1
9:39,8.46,219960,2
9:39,8.46,43146,5
9:39,8.46,2538,1
9:40,8.46,19458,5
9:40,8.46,0,0
9:40,8.45,27040,2
9:40,8.46,6768,3
9:40,8.46,4230,2
9:40,8.46,36378,7
9:40,8.46,0,0
9:40,8.46,0,0
9:40,8.46,9306,4
9:40,8.47,14399,2
9:40,8.46,69372,3
9:40,8.46,0,0
9:40,8.47,223608,14
9:40,8.47,1694,2
9:40,8.47,22869,4
9:40,8.48,1019296,16
9:40,8.47,12705,3
9:40,8.47,4235,2
9:41,8.46,9306,7
9:41,8.47,6776,3
9:41,8.47,0,0
9:41,8.47,0,0
9:41,8.47,8470,4
9:41,8.47,0,0
9:41,8.47,847,1
9:41,8.47,4235,2
9:41,8.47,0,0
9:41,8.48,848,1
9:41,8.47,51667,4
9:41,8.47,0,0
9:41,8.47,0,0
9:41,8.46,41454,12
9:41,8.46,18612,8
9:41,8.46,0,0
9:41,8.46,0,0
9:41,8.45,845,1
9:42,8.45,0,0
9:42,8.45,39715,1
9:42,8.45,10985,5
9:42,8.45,1690,1
9:42,8.45,845,1
9:42,8.45,0,0
9:42,8.45,13520,6
9:42,8.45,38025,6
9:42,8.46,12690,4
9:42,8.46,846,1
9:42,8.46,0,0
9:42,8.45,21125,9
9:42,8.45,59995,8
9:42,8.44,844,1
9:42,8.45,25350,9
9:42,8.44,125756,6
9:42,8.44,0,0
9:43,8.44,1688,1
9:43,8.44,0,0
9:43,8.44,0,0
9:43,8.44,0,0
9:43,8.44,0,0
9:43,8.44,0,0
9:43,8.44,0,0
9:43,8.44,0,0
9:43,8.44,0,0
9:43,8.44,0,0
9:43,8.44,70896,4
9:43,8.45,67600,2
9:43,8.45,0,0
9:43,8.45,4225,3
9:43,8.45,0,0
9:43,8.45,127595,7
9:44,8.45,0,0
9:44,8.45,1690,1
9:44,8.45,0,0
9:44,8.46,16920,2
9:44,8.46,0,0
9:44,8.46,49068,16
9:44,8.46,8460,4
9:44,8.46,18612,15
9:44,8.46,0,0
9:44,8.46,1692,1
9:44,8.47,847,1
9:44,8.47,1694,2
9:44,8.47,0,0
9:44,8.46,15228,1
9:44,8.46,5922,4
9:44,8.46,0,0
9:44,8.46,0,0
9:44,8.46,0,0
9:44,8.46,0,0
9:45,8.46,0,0
9:45,8.45,845,1
9:45,8.45,0,0
9:45,8.45,0,0
9:45,8.45,0,0
9:45,8.45,0,0
9:45,8.45,0,0
9:45,8.45,0,0
9:45,8.45,845,1
9:45,8.45,0,0
9:45,8.45,0,0
9:45,8.45,0,0
9:46,8.48,450288,43
9:46,8.48,22048,5
9:46,8.48,23744,10
9:46,8.48,6784,4
9:46,8.48,0,0
9:46,8.48,0,0
9:46,8.48,0,0
9:46,8.48,0,0
9:46,8.47,17787,9
9:46,8.47,0,0
9:46,8.47,5929,3
9:46,8.48,3392,4
9:46,8.48,0,0
9:46,8.48,0,0
9:46,8.47,12705,5
9:46,8.48,42400,6
9:46,8.48,0,0
9:46,8.48,6784,3
9:46,8.48,0,0
9:47,8.48,0,0
9:47,8.48,0,0
9:47,8.48,49184,8
9:47,8.48,0,0
9:47,8.48,0,0
9:47,8.49,104427,6
9:47,8.49,10188,1
9:47,8.49,0,0
9:47,8.49,0,0
9:47,8.5,3400,2
9:47,8.5,21250,3
9:47,8.5,51850,5
9:47,8.5,24650,3
9:47,8.5,850,1
9:47,8.5,17000,7
9:47,8.5,29750,6
9:47,8.51,69782,7
9:47,8.5,17000,3
9:47,8.52,45156,5
9:47,8.51,102971,5
9:48,8.51,0,0
9:48,8.51,8510,1
9:48,8.51,0,0
9:48,8.51,5957,2
9:48,8.52,94572,10
9:48,8.51,59570,2
9:48,8.51,15318,3
9:48,8.51,22126,6
9:48,8.51,12765,1
9:48,8.51,63825,10
9:48,8.51,0,0
9:48,8.51,0,0
9:48,8.51,111481,6
9:48,8.51,7659,2
9:48,8.5,85000,1
9:48,8.52,161028,3
9:48,8.51,5957,2
9:48,8.5,110500,4
9:48,8.5,10200,10
9:48,8.5,30600,5
9:49,8.5,17000,5
9:49,8.5,26350,4
9:49,8.49,2547,1
9:49,8.5,21250,4
9:49,8.5,47600,1
9:49,8.5,42500,1
9:49,8.5,63750,3
9:49,8.5,34850,1
9:49,8.5,0,0
9:49,8.5,8500,1
9:49,8.5,850,1
9:49,8.5,38250,1
9:49,8.5,0,0
9:49,8.51,8510,1
9:49,8.51,0,0
9:49,8.5,17000,8
9:49,8.5,0,0
9:49,8.5,1700,2
9:49,8.5,11900,5
9:50,8.51,10212,5
9:50,8.5,45050,13
9:50,8.51,42550,4
9:50,8.51,0,0
9:50,8.49,15282,1
9:50,8.49,0,0
9:50,8.49,5943,1
9:50,8.5,8500,3
9:50,8.5,0,0
9:50,8.49,4245,1
9:50,8.5,38250,10
9:50,8.5,10200,4
9:50,8.5,53550,5
9:50,8.5,0,0
9:50,8.5,0,0
9:50,8.5,17000,1
9:50,8.5,8500,1
9:50,8.49,1698,1
9:50,8.49,39054,4
9:50,8.49,4245,3
9:51,8.49,15282,1
9:51,8.49,0,0
9:51,8.5,3400,1
9:51,8.5,0,0
9:51,8.49,18678,1
9:51,8.49,28866,2
9:51,8.48,34768,5
9:51,8.48,1696,1
9:51,8.48,0,0
9:51,8.49,3396,1
9:51,8.48,4240,1
9:51,8.48,0,0
9:51,8.48,0,0
9:51,8.48,151792,10
9:51,8.48,0,0
9:51,8.48,3392,1
9:51,8.48,0,0
9:52,8.48,17808,4
9:52,8.47,847,1
9:52,8.49,84051,6
9:52,8.49,4245,1
9:52,8.49,16980,1
9:52,8.49,22074,4
9:52,8.49,5943,1
9:52,8.49,0,0
9:52,8.5,4250,1
9:52,8.49,5943,2
9:52,8.49,0,0
9:52,8.49,0,0
9:52,8.49,0,0
9:52,8.49,0,0
9:52,8.49,1698,2
9:52,8.5,22100,1
9:52,8.5,0,0
9:52,8.49,4245,1
9:53,8.49,0,0
9:53,8.49,26319,4
9:53,8.49,11886,1
9:53,8.49,0,0
9:53,8.49,0,0
9:53,8.49,0,0
9:53,8.49,0,0
9:53,8.49,0,0
9:53,8.49,0,0
9:53,8.48,2544,1
9:53,8.48,22896,5
9:53,8.48,3392,1
9:53,8.48,0,0
9:53,8.48,0,0
9:53,8.48,22048,2
9:53,8.48,1696,1
9:54,8.48,313760,1
9:54,8.48,8480,3
9:54,8.48,0,0
9:54,8.48,0,0
9:54,8.48,0,0
9:54,8.48,0,0
9:54,8.48,2544,2
9:54,8.48,0,0
9:54,8.48,0,0
9:54,8.48,24592,12
9:54,8.48,0,0
9:54,8.47,3388,2
9:54,8.49,849,1
9:54,8.49,0,0
9:54,8.48,848,1
9:54,8.48,0,0
9:54,8.48,0,0
9:54,8.48,25440,4
9:55,8.47,847,1
9:55,8.48,848,1
9:55,8.48,20352,14
9:55,8.48,4240,5
9:55,8.48,0,0
9:55,8.48,0,0
9:55,8.48,0,0
9:55,8.48,0,0
9:55,8.48,9328,1
9:55,8.48,0,0
9:55,8.48,0,0
9:55,8.48,848,1
9:55,8.48,0,0
9:55,8.48,0,0
9:55,8.48,2544,1
9:56,8.48,0,0
9:56,8.48,7632,2
9:56,8.48,4240,2
9:56,8.48,0,0
9:56,8.48,5936,1
9:56,8.48,155184,11
9:56,8.48,14416,4
9:56,8.48,1696,2
9:56,8.48,2544,1
9:56,8.47,5082,3
9:56,8.48,5936,2
9:56,8.49,42450,5
9:56,8.49,0,0
9:56,8.49,849,1
9:56,8.49,0,0
9:56,8.49,0,0
9:56,8.48,848,1
9:56,8.48,33920,4
9:57,8.48,8480,3
9:57,8.48,18656,5
9:57,8.47,2541,1
9:57,8.47,11011,3
9:57,8.48,16960,4
9:57,8.48,32224,6
9:57,8.48,0,0
9:57,8.48,196736,17
9:57,8.5,24650,5
9:57,8.5,201450,72
9:57,8.5,0,0
9:57,8.5,0,0
9:57,8.5,0,0
9:57,8.5,0,0
9:57,8.5,11050,1
9:57,8.5,0,0
9:58,8.5,5100,2
9:58,8.5,0,0
9:58,8.49,1698,2
9:58,8.49,0,0
9:58,8.5,850,1
9:58,8.5,0,0
9:58,8.5,0,0
9:58,8.49,849,1
9:58,8.49,99333,2
9:58,8.49,0,0
9:58,8.49,0,0
9:58,8.49,2547,1
9:58,8.49,0,0
9:58,8.49,2547,2
9:58,8.49,13584,2
9:58,8.5,48450,2
9:58,8.49,849,1
9:58,8.49,1698,2
9:59,8.49,0,0
9:59,8.49,11037,4
9:59,8.49,27168,5
9:59,8.5,50150,2
9:59,8.49,849,1
9:59,8.49,39903,1
9:59,8.5,1700,2
9:59,8.5,850,1
9:59,8.49,443178,9
9:59,8.49,0,0
9:59,8.5,3400,1
9:59,8.49,25470,1
9:59,8.49,0,0
9:59,8.49,0,0
9:59,8.49,8490,2
9:59,8.49,0,0
9:59,8.49,43299,2
10:00,8.49,0,0
10:00,8.49,0,0
10:00,8.49,13584,2
10:00,8.49,0,0
10:00,8.49,0,0
10:00,8.49,7641,2
10:00,8.49,0,0
10:00,8.5,88400,2
10:00,8.5,8500,5
10:00,8.49,1698,1
10:00,8.49,849,1
10:00,8.49,0,0
10:00,8.49,3396,2
10:00,8.49,849,1
10:00,8.49,2547,1
10:01,8.49,0,0
10:01,8.49,43299,1
10:01,8.49,0,0
10:01,8.5,850,1
10:01,8.5,0,0
10:01,8.49,2547,2
10:01,8.49,1698,1
10:01,8.49,0,0
10:01,8.49,174045,1
10:01,8.49,1698,2
10:01,8.49,8490,1
10:01,8.49,0,0
10:01,8.49,5094,1
10:01,8.49,1698,1
10:01,8.49,1698,1
10:01,8.49,0,0
10:02,8.49,31413,3
10:02,8.49,66222,2
10:02,8.49,849,1
10:02,8.49,12735,1
10:02,8.49,849,1
10:02,8.49,1698,1
10:02,8.49,42450,1
10:02,8.49,3396,2
10:02,8.49,0,0
10:02,8.49,11886,3
10:02,8.49,14433,4
10:02,8.49,849,1
10:02,8.49,1698,1
10:02,8.49,28017,1
10:02,8.49,0,0
10:03,8.49,0,0
10:03,8.49,0,0
10:03,8.49,0,0
10:03,8.49,0,0
10:03,8.5,5100,1
10:03,8.49,93390,4
10:03,8.49,0,0
10:03,8.49,0,0
10:03,8.49,5094,2
10:03,8.49,20376,2
10:03,8.49,0,0
10:03,8.49,849,1
10:03,8.5,55250,7
10:03,8.5,36550,1
10:03,8.5,850,1
10:03,8.49,849,1
10:03,8.49,849,1
10:03,8.5,1700,1
10:03,8.49,55185,8
10:04,8.5,76500,13
10:04,8.5,0,0
10:04,8.49,35658,2
10:04,8.5,15300,5
10:04,8.5,0,0
10:04,8.5,0,0
10:04,8.5,10200,1
10:04,8.5,0,0
10:04,8.5,309400,31
10:04,8.5,5100,6
10:04,8.5,0,0
10:04,8.5,0,0
10:04,8.5,0,0
10:04,8.49,21225,1
10:04,8.5,139400,9
10:05,8.5,0,0
10:05,8.51,42550,1
10:05,8.51,32338,12
10:05,8.5,16150,4
10:05,8.5,0,0
10:05,8.5,0,0
10:05,8.51,851,1
10:05,8.51,851,1
10:05,8.51,851,1
10:05,8.51,9361,2
10:05,8.51,1702,2
10:05,8.51,0,0
10:05,8.51,851,1
10:05,8.51,7659,2
10:05,8.5,5100,1
10:05,8.5,37400,1
10:05,8.51,4255,1
10:06,8.51,17020,3
10:06,8.51,0,0
10:06,8.51,50209,5
10:06,8.51,851,1
10:06,8.51,45954,7
10:06,8.51,0,0
10:06,8.51,72335,7
10:06,8.51,19573,1
10:06,8.51,29785,2
10:06,8.51,62123,6
10:06,8.51,4255,2
10:06,8.51,0,0
10:06,8.51,0,0
10:06,8.51,1702,1
10:06,8.51,0,0
10:06,8.51,61272,8
10:06,8.51,4255,2
10:07,8.51,0,0
10:07,8.51,851,1
10:07,8.51,0,0
10:07,8.5,85000,5
10:07,8.51,851,1
10:07,8.51,0,0
10:07,8.51,0,0
10:07,8.51,0,0
10:07,8.51,9361,4
10:07,8.51,0,0
10:07,8.51,0,0
10:07,8.51,0,0
10:07,8.5,8500,1
10:07,8.5,0,0
10:07,8.5,0,0
10:07,8.5,0,0
10:07,8.5,850,1
10:07,8.5,0,0
10:07,8.5,0,0
10:07,8.51,4255,1
10:08,8.5,28900,1
10:08,8.5,0,0
10:08,8.5,0,0
10:08,8.5,850,1
10:08,8.5,0,0
10:08,8.5,850,1
10:08,8.5,5100,1
10:08,8.51,17020,1
10:08,8.51,0,0
10:08,8.51,0,0
10:08,8.5,331500,14
10:08,8.5,22100,1
10:08,8.5,45900,5
10:08,8.5,15300,6
10:08,8.5,0,0
10:08,8.49,2547,3
10:08,8.5,8500,1
10:09,8.5,2550,1
10:09,8.5,0,0
10:09,8.49,4245,1
10:09,8.5,850,1
10:09,8.49,11886,2
10:09,8.49,0,0
10:09,8.49,0,0
10:09,8.5,8500,1
10:09,8.49,236871,11
10:09,8.5,6800,6
10:09,8.49,51789,7
10:09,8.5,145350,24
10:09,8.5,18700,7
10:09,8.5,39100,4
10:09,8.5,8500,4
10:09,8.5,0,0
10:10,8.5,32300,7
10:10,8.5,25500,14
10:10,8.5,1700,1
10:10,8.5,0,0
10:10,8.5,11900,2
10:10,8.5,0,0
10:10,8.5,0,0
10:10,8.5,17850,2
10:10,8.5,10200,2
10:10,8.5,70550,1
10:10,8.5,13600,3
10:10,8.5,11050,4
10:10,8.5,8500,2
10:10,8.5,0,0
10:10,8.5,8500,3
10:10,8.5,5950,3
10:10,8.5,0,0
10:10,8.5,0,0
10:10,8.5,850,1
10:11,8.5,4250,2
10:11,8.5,8500,1
10:11,8.5,850,1
10:11,8.5,3400,3
10:11,8.5,1700,1
10:11,8.5,850,1
10:11,8.5,5100,3
10:11,8.5,2550,1
10:11,8.5,32300,3
10:11,8.5,102000,20
10:11,8.5,7650,5
10:11,8.5,850,1
10:11,8.5,850,1
10:11,8.5,0,0
10:11,8.5,175950,19
10:11,8.49,7641,3
10:11,8.49,0,0
10:11,8.49,0,0
10:12,8.49,0,0
10:12,8.49,0,0
10:12,8.5,51000,5
10:12,8.5,0,0
10:12,8.5,0,0
10:12,8.5,850,1
10:12,8.5,0,0
10:12,8.5,3400,1
10:12,8.5,0,0
10:12,8.5,28900,1
10:12,8.5,1700,1
10:12,8.49,21225,4
10:12,8.49,2547,1
10:12,8.49,0,0
10:12,8.49,849,1
10:12,8.49,0,0
10:12,8.49,7641,3
10:12,8.49,1698,2
10:13,8.49,5094,2
10:13,8.49,849,1
10:13,8.49,849,1
10:13,8.5,2550,2
10:13,8.49,1698,1
10:13,8.49,0,0
10:13,8.49,6792,3
10:13,8.49,1698,2
10:13,8.5,9350,7
10:13,8.49,28866,5
10:13,8.49,230079,28
10:13,8.49,107823,23
10:13,8.48,36464,2
10:13,8.48,64448,1
10:13,8.48,0,0
10:13,8.48,18656,1
10:13,8.48,0,0
10:14,8.48,0,0
10:14,8.48,0,0
10:14,8.49,2547,1
10:14,8.49,0,0
10:14,8.48,4240,1
10:14,8.48,0,0
10:14,8.48,0,0
10:14,8.49,5094,1
10:14,8.49,0,0
10:14,8.48,150096,20
10:14,8.48,0,0
10:14,8.47,847,1
10:14,8.48,5936,2
10:15,8.47,6776,2
10:15,8.47,0,0
10:15,8.47,27104,4
10:15,8.47,0,0
10:15,8.47,0,0
10:15,8.47,51667,10
10:15,8.47,0,0
10:15,8.47,0,0
10:15,8.48,3392,1
10:15,8.48,41552,3
10:15,8.48,848,1
10:15,8.47,847,1
10:15,8.47,5929,3
10:15,8.47,847,1
10:16,8.47,74536,6
10:16,8.47,0,0
10:16,8.47,847,1
10:16,8.48,13568,1
10:16,8.47,30492,4
10:16,8.47,0,0
10:16,8.47,0,0
10:16,8.47,16940,1
10:16,8.47,11011,1
10:16,8.47,0,0
10:16,8.47,36421,4
10:16,8.47,97405,5
10:16,8.46,846,1
10:16,8.46,18612,3
10:16,8.46,0,0
10:16,8.46,6768,1
10:17,8.46,6768,1
10:17,8.46,1692,1
10:17,8.46,0,0
10:17,8.46,0,0
10:17,8.47,847,1
10:17,8.47,3388,1
10:17,8.47,847,1
10:17,8.47,0,0
10:17,8.47,0,0
10:17,8.48,4240,3
10:17,8.47,847,1
10:17,8.47,1694,1
10:17,8.47,0,0
10:17,8.47,0,0
10:17,8.47,0,0
10:17,8.47,0,0
10:17,8.47,0,0
10:18,8.47,0,0
10:18,8.47,847,1
10:18,8.47,0,0
10:18,8.47,4235,1
10:18,8.48,4240,1
10:18,8.47,847,1
10:18,8.47,0,0
10:18,8.47,5082,1
10:18,8.47,0,0
10:18,8.47,1694,2
10:18,8.47,0,0
10:18,8.47,847,1
10:18,8.47,0,0
10:18,8.47,0,0
10:18,8.47,0,0
10:18,8.47,0,0
10:19,8.47,0,0
10:19,8.47,847,1
10:19,8.47,0,0
10:19,8.47,0,0
10:19,8.47,847,1
10:19,8.47,1694,2
10:19,8.47,0,0
10:19,8.47,7623,1
10:19,8.47,847,1
10:19,8.47,0,0
10:19,8.47,5082,1
10:19,8.47,20328,4
10:19,8.47,48279,4
10:19,8.46,846,1
10:19,8.47,38962,9
10:19,8.47,847,1
10:20,8.47,0,0
10:20,8.47,0,0
10:20,8.47,8470,1
10:20,8.47,5929,2
10:20,8.47,847,1
10:20,8.47,3388,1
10:20,8.47,847,1
10:20,8.47,1694,1
10:20,8.47,5082,3
10:20,8.46,4230,2
10:20,8.46,1692,2
10:20,8.46,846,1
10:20,8.46,0,0
10:20,8.46,0,0
10:20,8.47,4235,1
10:21,8.46,19458,4
10:21,8.46,9306,2
10:21,8.46,35532,2
10:21,8.47,76230,7
10:21,8.47,653037,13
10:21,8.47,6776,4
10:21,8.47,111804,2
10:21,8.47,0,0
10:21,8.46,1692,1
10:21,8.46,0,0
10:21,8.46,3384,1
10:21,8.46,38916,1
10:21,8.46,0,0
10:21,8.46,51606,3
10:21,8.46,0,0
10:21,8.46,846,1
10:21,8.46,345168,18
10:22,8.45,43940,2
10:22,8.45,28730,3
10:22,8.45,0,0
10:22,8.45,0,0
10:22,8.45,352365,18
10:22,8.44,40512,3
10:22,8.45,2535,3
10:22,8.44,27008,2
10:22,8.44,0,0
10:22,8.44,0,0
10:22,8.44,0,0
10:22,8.45,5070,1
10:22,8.44,72584,11
10:22,8.44,0,0
10:22,8.44,0,0
10:22,8.44,0,0
10:22,8.44,0,0
10:22,8.44,0,0
10:23,8.44,5908,1
10:23,8.44,0,0
10:23,8.44,29540,3
10:23,8.44,0,0
10:23,8.44,2532,1
10:23,8.45,1690,1
10:23,8.44,35448,4
10:23,8.44,0,0
10:23,8.44,0,0
10:23,8.44,844,1
10:23,8.44,0,0
10:23,8.44,0,0
10:23,8.44,0,0
10:23,8.44,0,0
10:23,8.44,26164,6
10:23,8.44,844,1
10:23,8.44,1688,1
10:23,8.44,45576,3
10:24,8.44,27852,3
10:24,8.44,0,0
10:24,8.45,176605,19
10:24,8.45,0,0
10:24,8.44,5908,2
10:24,8.45,18590,6
10:24,8.45,0,0
10:24,8.44,5064,1
10:24,8.44,0,0
10:24,8.44,1688,1
10:24,8.44,0,0
10:24,8.44,844,1
10:24,8.44,0,0
10:24,8.44,21944,1
10:25,8.44,10972,2
10:25,8.44,4220,1
10:25,8.44,16880,2
10:25,8.44,0,0
10:25,8.44,30384,4
10:25,8.44,0,0
10:25,8.44,1688,2
10:25,8.44,844,1
10:25,8.44,34604,6
10:25,8.44,64988,8
10:25,8.43,1686,2
10:25,8.43,0,0
10:25,8.43,0,0
10:25,8.44,844,1
10:25,8.44,35448,3
10:25,8.44,0,0
10:26,8.44,0,0
10:26,8.44,0,0
10:26,8.44,6752,3
10:26,8.44,0,0
10:26,8.44,0,0
10:26,8.44,13504,7
10:26,8.44,4220,3
10:26,8.44,2532,3
10:26,8.43,843,1
10:26,8.43,0,0
10:26,8.44,7596,4
10:26,8.44,0,0
10:26,8.44,844,1
10:26,8.43,22761,2
10:26,8.43,0,0
10:27,8.43,0,0
10:27,8.43,0,0
10:27,8.43,0,0
10:27,8.43,0,0
10:27,8.43,0,0
10:27,8.45,124215,25
10:27,8.45,0,0
10:27,8.44,844,1
10:27,8.44,0,0
10:27,8.44,8440,1
10:27,8.44,0,0
10:27,8.44,0,0
10:27,8.44,0,0
10:27,8.44,6752,1
10:27,8.45,9295,2
10:27,8.45,0,0
10:27,8.44,844,1
10:28,8.45,103090,20
10:28,8.46,102366,3
10:28,8.46,0,0
10:28,8.46,14382,2
10:28,8.46,846,1
10:28,8.46,0,0
10:28,8.44,844,1
10:28,8.44,0,0
10:28,8.44,844,1
10:28,8.44,0,0
10:28,8.44,844,1
10:28,8.44,0,0
10:28,8.44,0,0
10:28,8.44,844,1
10:28,8.45,845,1
10:28,8.45,1690,2
10:28,8.45,0,0
10:28,8.45,0,0
10:29,8.45,0,0
10:29,8.45,0,0
10:29,8.45,8450,2
10:29,8.45,845,1
10:29,8.45,5070,1
10:29,8.45,0,0
10:29,8.45,27885,1
10:29,8.45,2535,2
10:29,8.45,10140,5
10:29,8.45,845,1
10:29,8.45,0,0
10:30,8.45,29575,5
10:30,8.45,845,1
10:30,8.45,845,1
10:30,8.45,0,0
10:30,8.45,0,0
10:30,8.45,0,0
10:30,8.45,0,0
10:30,8.45,0,0
10:30,8.45,0,0
10:30,8.45,5915,2
10:30,8.45,0,0
10:31,8.45,17745,1
10:31,8.45,12675,1
10:31,8.45,0,0
10:31,8.46,846,1
10:31,8.46,846,1
10:31,8.46,128592,17
10:31,8.46,0,0
10:31,8.46,0,0
10:31,8.46,0,0
10:31,8.46,12690,1
10:31,8.46,0,0
10:32,8.47,847,1
10:32,8.47,5082,3
10:32,8.47,5082,4
10:32,8.47,1694,2
10:32,8.47,847,1
10:32,8.47,0,0
10:32,8.47,0,0
10:32,8.47,0,0
10:32,8.47,0,0
10:32,8.46,25380,2
10:32,8.46,17766,3
10:32,8.47,4235,1
10:32,8.46,11844,3
10:32,8.46,846,1
10:33,8.46,0,0
10:33,8.46,10152,2
10:33,8.46,0,0
10:33,8.47,11011,4
10:33,8.47,0,0
10:33,8.46,10152,1
10:33,8.46,0,0
10:33,8.46,0,0
10:33,8.46,846,1
10:33,8.46,11844,2
10:33,8.47,9317,1
10:33,8.47,0,0
10:33,8.47,0,0
10:33,8.47,0,0
10:33,8.47,0,0
10:33,8.46,846,1
10:34,8.46,3384,2
10:34,8.46,0,0
10:34,8.47,1694,2
10:34,8.47,1694,2
10:34,8.48,10176,4
10:34,8.48,0,0
10:34,8.47,19481,4
10:34,8.47,0,0
10:34,8.47,0,0
10:34,8.47,847,1
10:34,8.47,847,1
10:34,8.47,847,1
10:34,8.47,847,1
10:34,8.47,2541,1
10:34,8.47,847,1
10:34,8.47,0,0
10:34,8.47,1694,2
10:34,8.48,848,1
10:35,8.47,1694,1
10:35,8.47,11858,1
10:35,8.47,0,0
10:35,8.47,0,0
10:35,8.47,1694,1
10:35,8.47,847,1
10:35,8.47,847,1
10:35,8.47,847,1
10:35,8.47,0,0
10:35,8.47,8470,1
10:35,8.47,0,0
10:35,8.47,847,1
10:35,8.47,1694,2
10:36,8.47,21175,8
10:36,8.47,0,0
10:36,8.46,193734,21
10:36,8.46,103212,2
10:36,8.46,0,0
10:36,8.46,0,0
10:36,8.46,0,0
10:36,8.46,0,0
10:36,8.46,0,0
10:36,8.46,0,0
10:36,8.46,8460,4
10:36,8.46,0,0
10:36,8.46,0,0
10:37,8.46,0,0
10:37,8.46,0,0
10:37,8.46,0,0
10:37,8.46,0,0
10:37,8.46,5922,1
10:37,8.46,32148,5
10:37,8.46,8460,4
10:37,8.46,846,1
10:37,8.46,0,0
10:38,8.46,0,0
10:38,8.46,0,0
10:38,8.46,6768,4
10:38,8.46,0,0
10:38,8.46,0,0
10:38,8.46,0,0
10:38,8.47,5929,6
10:38,8.47,0,0
10:38,8.46,32148,17
10:38,8.45,6760,1
10:39,8.46,18612,3
10:39,8.46,846,1
10:39,8.46,0,0
10:39,8.46,0,0
10:39,8.46,0,0
10:39,8.46,0,0
10:39,8.46,0,0
10:39,8.46,0,0
10:39,8.46,846,1
10:39,8.46,47376,8
10:39,8.45,5915,1
10:39,8.46,16920,6
10:40,8.46,39762,1
10:40,8.46,59220,11
10:40,8.46,140436,15
10:40,8.46,0,0
10:40,8.46,0,0
10:40,8.47,94864,19
10:40,8.47,0,0
10:40,8.46,11844,4
10:40,8.46,0,0
10:40,8.46,0,0
10:40,8.46,0,0
10:40,8.46,5076,2
10:40,8.46,0,0
10:40,8.46,0,0
10:40,8.46,0,0
10:40,8.46,13536,1
10:40,8.46,0,0
10:41,8.47,26257,1
10:41,8.47,8470,1
10:41,8.47,0,0
10:41,8.47,0,0
10:41,8.47,0,0
10:41,8.47,0,0
10:41,8.47,0,0
10:41,8.47,0,0
10:41,8.47,10164,1
10:41,8.47,8470,1
10:41,8.47,26257,9
10:41,8.47,0,0
10:41,8.49,76410,9
10:41,8.49,0,0
10:41,8.48,44096,3
10:41,8.48,0,0
10:42,8.48,0,0
10:42,8.48,0,0
10:42,8.48,0,0
10:42,8.48,0,0
10:42,8.48,0,0
10:42,8.48,6784,5
10:42,8.48,0,0
10:42,8.48,0,0
10:42,8.49,50091,9
10:42,8.49,5943,1
10:42,8.49,48393,7
10:42,8.49,0,0
10:42,8.48,848,1
10:42,8.48,0,0
10:43,8.48,0,0
10:43,8.48,0,0
10:43,8.48,0,0
10:43,8.49,163008,12
10:43,8.49,0,0
10:43,8.49,4245,2
10:43,8.49,0,0
10:43,8.49,0,0
10:43,8.49,0,0
10:43,8.49,0,0
10:43,8.49,0,0
10:43,8.48,8480,1
10:43,8.48,848,1
10:43,8.48,1696,1
10:44,8.49,99333,9
10:44,8.48,154336,35
10:44,8.48,0,0
10:44,8.48,0,0
10:44,8.48,22896,2
10:44,8.48,0,0
10:44,8.47,1694,1
10:44,8.47,0,0
10:44,8.47,0,0
10:44,8.47,0,0
10:44,8.47,2541,1
10:44,8.47,0,0
10:45,8.47,0,0
10:45,8.47,0,0
10:45,8.47,100793,20
10:45,8.47,71148,3
10:45,8.47,1694,2
10:45,8.47,0,0
10:45,8.47,0,0
10:45,8.47,0,0
10:45,8.47,0,0
10:45,8.47,0,0
10:45,8.47,5929,1
10:45,8.47,0,0
10:45,8.46,19458,3
10:45,8.46,846,1
10:45,8.46,0,0
10:45,8.46,0,0
10:46,8.46,0,0
10:46,8.46,0,0
10:46,8.47,3388,4
10:46,8.48,116176,7
10:46,8.48,0,0
10:46,8.48,0,0
10:46,8.48,0,0
10:46,8.48,1696,1
10:46,8.48,1696,1
10:46,8.46,31302,12
10:46,8.46,33840,5
10:46,8.46,0,0
10:46,8.46,0,0
10:47,8.47,14399,1
10:47,8.47,8470,4
10:47,8.47,0,0
10:47,8.47,1694,2
10:47,8.47,0,0
10:47,8.48,89888,14
10:47,8.49,35658,36
10:47,8.49,0,0
10:47,8.49,0,0
10:47,8.49,0,0
10:47,8.49,0,0
10:47,8.49,7641,1
10:47,8.49,11886,1
10:47,8.49,0,0
10:48,8.49,0,0
10:48,8.49,0,0
10:48,8.49,0,0
10:48,8.49,5094,2
10:48,8.49,0,0
10:48,8.48,16960,9
10:48,8.48,0,0
10:49,8.48,7632,5
10:49,8.48,76320,25
10:49,8.48,1696,1
10:49,8.48,0,0
10:49,8.48,27136,9
10:49,8.49,849,1
10:49,8.48,848,1
10:49,8.49,3396,2
10:50,8.47,67760,1
10:50,8.49,10188,3
10:50,8.48,20352,1
10:50,8.48,0,0
10:50,8.48,0,0
10:50,8.48,39008,1
10:50,8.47,1694,1
10:50,8.47,0,0
10:50,8.47,0,0
10:50,8.47,25410,2
10:50,8.47,0,0
10:51,8.47,0,0
10:51,8.47,0,0
10:51,8.47,0,0
10:51,8.47,0,0
10:51,8.48,4240,1
10:51,8.48,0,0
10:51,8.48,0,0
10:51,8.48,0,0
10:51,8.47,265958,8
10:51,8.46,42300,4
10:51,8.46,3384,1
10:51,8.46,11844,1
10:51,8.46,0,0
10:52,8.46,10998,4
10:52,8.47,15246,1
10:52,8.47,0,0
10:52,8.47,0,0
10:52,8.47,72842,2
10:52,8.47,6776,2
10:52,8.47,0,0
10:52,8.46,12690,1
10:53,8.46,0,0
10:53,8.47,2541,2
10:53,8.46,142128,13
10:53,8.46,1692,2
10:53,8.46,0,0
10:53,8.46,0,0
10:53,8.46,0,0
10:53,8.45,3380,2
10:53,8.45,0,0
10:53,8.45,0,0
10:54,8.45,111540,12
10:54,8.47,55055,10
10:54,8.45,40560,9
10:54,8.45,0,0
10:54,8.47,847,1
10:54,8.46,86292,6
10:54,8.46,0,0
10:54,8.46,10998,1
10:54,8.46,0,0
10:54,8.46,0,0
10:54,8.46,0,0
10:55,8.46,0,0
10:55,8.46,846,1
10:55,8.46,0,0
10:55,8.46,0,0
10:55,8.47,308308,5
10:55,8.48,848,1
10:55,8.48,0,0
10:55,8.48,0,0
10:56,8.47,1694,1
10:56,8.47,0,0
10:56,8.47,0,0
10:56,8.48,36464,28
10:56,8.48,0,0
10:56,8.48,0,0
10:56,8.48,0,0
10:56,8.47,10164,1
10:57,8.47,0,0
10:57,8.47,0,0
10:57,8.49,159612,24
10:57,8.48,3392,4
10:57,8.48,14416,8
10:57,8.49,1698,1
10:57,8.49,16980,1
10:57,8.49,0,0
10:57,8.48,5936,2
10:57,8.48,0,0
10:57,8.48,0,0
10:57,8.48,0,0
10:58,8.48,0,0
10:58,8.48,8480,2
10:58,8.48,0,0
10:58,8.48,0,0
10:58,8.48,0,0
10:58,8.48,0,0
10:58,8.48,11024,1
10:59,8.48,0,0
10:59,8.48,0,0
10:59,8.48,12720,3
10:59,8.48,0,0
10:59,8.49,6792,8
10:59,8.49,0,0
10:59,8.49,0,0
10:59,8.49,0,0
10:59,8.49,0,0
10:59,8.49,0,0
10:59,8.49,2547,1
10:59,8.48,9328,1
10:59,8.48,0,0
11:00,8.48,0,0
11:00,8.48,0,0
11:00,8.48,0,0
11:00,8.49,80655,2
11:00,8.49,0,0
11:00,8.49,0,0
11:00,8.49,11037,3
11:00,8.49,4245,2
11:00,8.48,11024,3
11:00,8.48,6784,2
11:00,8.48,0,0
11:01,8.48,0,0
11:01,8.48,0,0
11:01,8.48,2544,2
11:01,8.48,50032,2
11:01,8.48,11872,1
11:01,8.49,1698,1
11:01,8.49,6792,1
11:02,8.49,0,0
11:02,8.49,43299,17
11:02,8.49,849,1
11:02,8.49,7641,1
11:02,8.49,0,0
11:02,8.49,0,0
11:02,8.49,0,0
11:02,8.49,0,0
11:02,8.49,0,0
11:03,8.49,0,0
11:03,8.49,0,0
11:03,8.49,7641,1
11:03,8.49,0,0
11:03,8.49,0,0
11:03,8.49,0,0
11:03,8.49,0,0
11:03,8.49,0,0
11:04,8.49,0,0
11:04,8.49,0,0
11:04,8.49,8490,1
11:04,8.49,0,0
11:04,8.49,0,0
11:04,8.49,0,0
11:04,8.49,849,1
11:04,8.47,553938,79
11:04,8.47,0,0
11:04,8.47,0,0
11:04,8.48,848,1
11:04,8.48,0,0
11:04,8.48,0,0
11:04,8.48,0,0
11:04,8.48,0,0
11:04,8.48,6784,8
11:05,8.48,1696,2
11:05,8.48,0,0
11:05,8.48,0,0
11:05,8.47,5082,1
11:05,8.47,0,0
11:05,8.47,0,0
11:05,8.47,10164,8
11:05,8.47,1694,2
11:05,8.47,1694,1
11:05,8.47,4235,1
11:05,8.47,0,0
11:05,8.47,0,0
11:05,8.47,17787,9
11:05,8.47,4235,4
11:05,8.47,0,0
11:05,8.47,35574,15
11:05,8.47,0,0
11:06,8.47,0,0
11:06,8.47,0,0
11:06,8.47,0,0
11:06,8.46,16920,3
11:06,8.46,0,0
11:06,8.46,0,0
11:06,8.47,2541,1
11:06,8.47,0,0
11:06,8.46,253800,14
11:06,8.46,6768,4
11:06,8.46,0,0
11:07,8.46,0,0
11:07,8.47,5082,1
11:07,8.47,0,0
11:07,8.47,13552,16
11:07,8.47,0,0
11:07,8.47,0,0
11:07,8.47,0,0
11:07,8.47,0,0
11:07,8.47,0,0
11:07,8.47,2541,1
11:07,8.47,0,0
11:07,8.47,0,0
11:07,8.46,16920,8
11:08,8.46,62604,12
11:08,8.46,0,0
11:08,8.46,0,0
11:08,8.46,0,0
11:08,8.46,0,0
11:08,8.46,0,0
11:08,8.46,0,0
11:08,8.46,0,0
11:08,8.46,0,0
11:08,8.47,42350,8
11:08,8.47,246477,43
11:08,8.47,0,0
11:08,8.46,12690,2
11:09,8.46,0,0
11:09,8.46,0,0
11:09,8.46,0,0
11:09,8.46,0,0
11:09,8.46,0,0
11:09,8.46,0,0
11:09,8.46,846,1
11:09,8.46,0,0
11:09,8.46,0,0
11:10,8.46,0,0
11:10,8.46,0,0
11:10,8.46,0,0
11:10,8.46,0,0
11:10,8.46,0,0
11:10,8.46,5076,4
11:10,8.46,0,0
11:10,8.46,0,0
11:10,8.46,0,0
11:10,8.46,291024,62
11:10,8.47,1694,2
11:11,8.47,0,0
11:11,8.47,0,0
11:11,8.47,0,0
11:11,8.48,35616,7
11:11,8.48,39856,7
11:11,8.48,0,0
11:11,8.48,0,0
11:11,8.48,27136,2
11:11,8.48,1696,1
11:11,8.48,1696,1
11:11,8.48,7632,1
11:11,8.47,11011,7
11:11,8.47,0,0
11:12,8.48,51728,2
11:12,8.48,0,0
11:12,8.48,28832,11
11:12,8.48,1696,2
11:12,8.49,25470,18
11:12,8.49,0,0
11:12,8.49,0,0
11:12,8.49,0,0
11:12,8.49,0,0
11:12,8.48,8480,6
11:12,8.48,0,0
11:12,8.48,0,0
11:12,8.49,1698,2
11:12,8.49,0,0
11:13,8.49,4245,2
11:13,8.48,20352,15
11:13,8.48,18656,17
11:13,8.48,8480,5
11:13,8.48,848,1
11:13,8.48,0,0
11:13,8.49,2547,1
11:13,8.49,0,0
11:13,8.49,0,0
11:13,8.49,2547,1
11:13,8.49,1698,1
11:14,8.48,5088,1
11:14,8.48,0,0
11:14,8.48,848,1
11:14,8.48,22048,4
11:14,8.48,25440,2
11:14,8.48,0,0
11:14,8.48,0,0
11:14,8.48,75472,16
11:14,8.48,1696,1
11:14,8.48,0,0
11:14,8.48,0,0
11:14,8.48,848,1
11:15,8.48,2544,1
11:15,8.48,0,0
11:15,8.47,11858,5
11:15,8.47,3388,4
11:15,8.48,14416,1
11:15,8.48,2544,2
11:15,8.48,1696,2
11:15,8.47,55055,4
11:15,8.47,0,0
11:15,8.47,0,0
11:16,8.47,0,0
11:16,8.47,0,0
11:16,8.48,848,1
11:16,8.49,1698,1
11:16,8.49,0,0
11:16,8.49,19527,2
11:16,8.49,0,0
11:16,8.49,0,0
11:16,8.49,0,0
11:16,8.48,5088,1
11:17,8.48,0,0
11:17,8.49,19527,1
11:17,8.48,8480,1
11:17,8.48,0,0
11:17,8.48,86496,30
11:17,8.48,3392,2
11:17,8.48,0,0
11:18,8.48,0,0
11:18,8.48,0,0
11:18,8.48,0,0
11:18,8.48,0,0
11:18,8.48,0,0
11:18,8.48,0,0
11:18,8.48,0,0
11:18,8.48,0,0
11:18,8.48,0,0
11:18,8.48,0,0
11:18,8.48,0,0
11:18,8.49,4245,1
11:18,8.49,0,0
11:19,8.48,16960,7
11:19,8.48,106848,6
11:19,8.48,0,0
11:19,8.48,7632,9
11:19,8.48,0,0
11:19,8.47,161777,29
11:19,8.47,31339,3
11:19,8.46,4230,1
11:19,8.46,9306,4
11:19,8.46,0,0
11:19,8.46,0,0
11:19,8.46,0,0
11:19,8.47,847,1
11:19,8.47,25410,1
11:19,8.47,0,0
11:19,8.46,12690,2
11:20,8.47,847,1
11:20,8.47,0,0
11:20,8.47,1694,2
11:20,8.47,8470,1
11:20,8.48,420608,54
11:20,8.47,44044,23
11:20,8.46,26226,7
11:20,8.46,0,0
11:20,8.47,21175,8
11:20,8.47,10164,10
11:20,8.47,0,0
11:20,8.47,847,1
11:20,8.47,0,0
11:20,8.47,847,1
11:20,8.47,0,0
11:20,8.47,0,0
11:20,8.47,0,0
11:20,8.47,4658.5,3
11:21,8.47,0,0
11:21,8.47,847,1
11:21,8.47,0,0
11:21,8.47,0,0
11:21,8.47,50820,19
11:21,8.47,0,0
11:21,8.47,0,0
11:21,8.47,0,0
11:21,8.47,0,0
11:21,8.47,0,0
11:22,8.47,8470,4
11:22,8.47,9317,1
11:22,8.47,5929,3
11:22,8.47,8470,10
11:22,8.47,0,0
11:22,8.47,0,0
11:22,8.48,1696,1
11:22,8.48,0,0
11:22,8.48,0,0
11:22,8.48,0,0
11:23,8.48,0,0
11:23,8.47,102487,15
11:23,8.48,1696,1
11:23,8.47,60137,4
11:23,8.47,0,0
11:23,8.47,0,0
11:24,8.47,9317,6
11:24,8.47,0,0
11:24,8.47,0,0
11:24,8.48,45792,14
11:24,8.48,0,0
11:25,8.48,0,0
11:25,8.47,847,1
11:25,8.47,0,0
11:25,8.47,2541,2
11:25,8.47,2541,3
11:25,8.47,10164,4
11:25,8.47,847,1
11:25,8.47,2541,2
11:25,8.47,8470,1
11:25,8.47,0,0
11:25,8.46,25380,5
11:26,8.46,0,0
11:26,8.48,29680,11
11:26,8.48,19504,5
11:26,8.48,0,0
11:26,8.48,0,0
11:26,8.48,16112,2
11:26,8.48,0,0
11:26,8.47,3388,2
11:26,8.47,0,0
11:26,8.48,2544,1
11:26,8.48,0,0
11:26,8.47,404866,37
11:26,8.47,0,0
11:26,8.47,0,0
11:27,8.48,55120,4
11:27,8.48,0,0
11:27,8.48,0,0
11:27,8.48,0,0
11:27,8.47,2541,1
11:27,8.47,0,0
11:27,8.47,0,0
11:27,8.47,7623,5
11:28,8.48,16960,4
11:28,8.48,0,0
11:28,8.47,847,1
11:28,8.48,22896,4
11:28,8.48,12720,3
11:28,8.48,6784,6
11:28,8.48,848,1
11:28,8.48,2544,3
11:28,8.49,2547,2
11:28,8.49,0,0
11:28,8.48,6784,1
11:28,8.48,5088,2
11:28,8.48,0,0
11:28,8.48,0,0
11:29,8.49,3396,2
11:29,8.49,0,0
11:29,8.48,17808,3
11:29,8.49,4245,1
11:29,8.48,2544,2
11:29,8.49,849,1
11:29,8.49,9339,6
11:29,8.49,1698,1
11:29,8.49,0,0
13:00,8.49,208854,20
13:00,8.5,15300,5
13:00,8.49,13584,6
13:00,8.49,2547,3
13:00,8.49,0,0
13:00,8.48,16960,2
13:00,8.48,0,0
13:00,8.48,0,0
13:00,8.48,16960,5
13:01,8.48,0,0
13:01,8.48,0,0
13:01,8.48,0,0
13:01,8.48,11872,4
13:01,8.48,0,0
13:01,8.48,0,0
13:01,8.48,0,0
13:01,8.48,0,0
13:01,8.49,22074,3
13:01,8.49,0,0
13:01,8.49,0,0
13:02,8.49,0,0
13:02,8.48,174688,38
13:02,8.48,18656,4
13:02,8.48,0,0
13:02,8.48,0,0
13:02,8.48,0,0
13:02,8.48,0,0
13:02,8.48,0,0
13:02,8.48,0,0
13:02,8.48,0,0
13:02,8.48,0,0
13:02,8.48,0,0
13:02,8.48,0,0
13:02,8.48,0,0
13:03,8.48,0,0
13:03,8.48,0,0
13:03,8.48,3392,3
13:03,8.48,418912,12
13:03,8.48,0,0
13:03,8.48,6784,4
13:03,8.47,16940,2
13:03,8.48,46640,15
13:03,8.48,0,0
13:03,8.48,0,0
13:03,8.48,10176,8
13:03,8.48,0,0
13:03,8.48,0,0
13:04,8.47,847,1
13:04,8.47,0,0
13:04,8.47,0,0
13:04,8.47,0,0
13:04,8.47,16940,1
13:04,8.47,0,0
13:04,8.47,5929,1
13:04,8.47,0,0
13:04,8.48,11024,1
13:04,8.48,0,0
13:04,8.47,3388,1
13:05,8.47,0,0
13:05,8.47,847,1
13:05,8.47,0,0
13:05,8.47,0,0
13:05,8.47,0,0
13:05,8.47,0,0
13:05,8.47,0,0
13:05,8.48,5088,6
13:06,8.48,0,0
13:06,8.48,0,0
13:06,8.48,0,0
13:06,8.47,847,1
13:06,8.48,3392,1
13:06,8.48,0,0
13:06,8.48,0,0
13:06,8.48,0,0
13:07,8.48,0,0
13:07,8.48,0,0
13:07,8.48,8480,1
13:07,8.48,0,0
13:07,8.48,0,0
13:08,8.48,74624,9
13:08,8.48,2544,3
13:08,8.48,0,0
13:08,8.48,33920,6
13:08,8.49,4245,1
13:08,8.49,0,0
13:08,8.48,13568,4
13:08,8.48,1696,2
13:08,8.48,0,0
13:08,8.47,70301,29
13:08,8.47,0,0
13:08,8.47,30492,3
13:08,8.47,0,0
13:08,8.47,9317,2
13:08,8.47,39809,8
13:09,8.48,7632,1
13:09,8.48,0,0
13:09,8.48,0,0
13:09,8.48,15264,3
13:09,8.48,0,0
13:10,8.48,5088,1
13:10,8.48,0,0
13:10,8.48,0,0
13:10,8.48,0,0
13:10,8.48,129744,3
13:10,8.48,848,1
13:10,8.48,4240,3
13:10,8.48,0,0
13:10,8.48,0,0
13:10,8.48,0,0
13:10,8.48,0,0
13:11,8.48,25440,1
13:11,8.48,848,1
13:11,8.48,0,0
13:11,8.49,8490,1
13:11,8.48,8480,1
13:12,8.49,5943,7
13:12,8.49,849,1
13:12,8.49,0,0
13:12,8.49,6792,8
13:12,8.48,848,1
13:12,8.48,0,0
13:12,8.48,0,0
13:12,8.48,1696,2
13:12,8.48,25440,3
13:12,8.48,848,1
13:12,8.48,0,0
13:12,8.48,0,0
13:12,8.49,2547,1
13:12,8.49,0,0
13:13,8.49,0,0
13:13,8.49,0,0
13:13,8.49,25470,2
13:13,8.49,0,0
13:13,8.49,0,0
13:13,8.48,848,1
13:13,8.48,0,0
13:14,8.48,25440,5
13:14,8.48,0,0
13:14,8.48,3392,1
13:14,8.48,848,1
13:14,8.49,72165,9
13:14,8.48,50032,4
13:14,8.49,849,1
13:14,8.49,849,1
13:14,8.49,849,1
13:14,8.49,7641,1
13:14,8.49,849,1
13:15,8.48,848,1
13:15,8.48,0,0
13:15,8.48,2544,3
13:15,8.48,0,0
13:15,8.48,13568,1
13:15,8.48,4240,1
13:15,8.48,0,0
13:15,8.48,0,0
13:15,8.48,0,0
13:15,8.48,6784,1
13:15,8.48,0,0
13:16,8.48,848,1
13:16,8.48,0,0
13:16,8.48,0,0
13:16,8.49,11037,13
13:16,8.49,9339,3
13:16,8.49,0,0
13:16,8.49,0,0
13:16,8.49,849,1
13:17,8.49,0,0
13:17,8.49,2547,1
13:17,8.49,4245,1
13:17,8.49,0,0
13:17,8.49,0,0
13:17,8.49,0,0
13:17,8.49,0,0
13:17,8.49,4245,1
13:17,8.5,974100,38
13:17,8.51,19573,5
13:17,8.51,5957,6
13:17,8.51,21275,3
13:17,8.5,13600,2
13:17,8.5,60350,13
13:17,8.5,102850,62
13:17,8.5,0,0
13:18,8.5,25500,7
13:18,8.5,1700,1
13:18,8.5,29750,3
13:18,8.5,6800,1
13:18,8.51,131054,5
13:18,8.51,0,0
13:18,8.51,8510,2
13:18,8.5,8500,1
13:18,8.5,0,0
13:18,8.5,0,0
13:18,8.5,17000,1
13:18,8.5,25500,2
13:18,8.5,38250,4
13:18,8.5,0,0
13:18,8.5,850,1
13:18,8.5,90950,13
13:19,8.5,4250,5
13:19,8.49,849,1
13:19,8.49,0,0
13:19,8.49,0,0
13:19,8.5,11050,3
13:19,8.5,3400,2
13:19,8.5,0,0
13:19,8.5,41650,6
13:19,8.5,0,0
13:19,8.5,0,0
13:19,8.5,8500,2
13:19,8.5,1700,1
13:19,8.49,3396,1
13:20,8.49,7641,7
13:20,8.5,22950,17
13:20,8.5,0,0
13:20,8.5,0,0
13:20,8.5,0,0
13:20,8.5,5950,1
13:20,8.5,0,0
13:20,8.5,0,0
13:20,8.5,0,0
13:20,8.5,0,0
13:20,8.5,2550,1
13:20,8.5,0,0
13:20,8.5,0,0
13:20,8.5,0,0
13:21,8.5,0,0
13:21,8.5,0,0
13:21,8.49,7641,1
13:21,8.49,0,0
13:21,8.49,5943,1
13:21,8.49,0,0
13:21,8.49,0,0
13:21,8.49,0,0
13:21,8.49,0,0
13:21,8.49,0,0
13:21,8.49,0,0
13:21,8.49,67071,8
13:22,8.5,850,1
13:22,8.5,0,0
13:22,8.49,314979,26
13:22,8.49,0,0
13:22,8.5,12750,4
13:22,8.5,13600,4
13:22,8.5,0,0
13:22,8.5,5950,2
13:22,8.49,44148,7
13:23,8.49,0,0
13:23,8.49,2547,1
13:23,8.49,0,0
13:23,8.49,0,0
13:23,8.49,0,0
13:23,8.49,0,0
13:23,8.49,0,0
13:23,8.49,0,0
13:23,8.49,0,0
13:23,8.49,0,0
13:23,8.49,0,0
13:23,8.5,62050,7
13:23,8.49,2547,1
13:24,8.49,0,0
13:24,8.49,0,0
13:24,8.49,849,1
13:24,8.49,5094,3
13:24,8.49,27168,10
13:24,8.49,17829,4
13:24,8.49,5943,2
13:24,8.49,0,0
13:24,8.49,11886,5
13:24,8.49,0,0
13:24,8.49,0,0
13:24,8.48,3392,1
13:24,8.48,0,0
13:24,8.48,0,0
13:24,8.49,8490,10
13:25,8.49,0,0
13:25,8.49,0,0
13:25,8.49,0,0
13:25,8.49,1698,1
13:25,8.49,0,0
13:25,8.49,0,0
13:25,8.49,1698,1
13:25,8.49,0,0
13:25,8.49,0,0
13:25,8.48,3392,1
13:25,8.48,0,0
13:26,8.49,3396,2
13:26,8.48,97520,11
13:26,8.49,61128,11
13:26,8.49,17829,9
13:26,8.49,1698,1
13:26,8.5,4250,1
13:26,8.49,67920,9
13:26,8.49,0,0
13:27,8.49,0,0
13:27,8.49,0,0
13:27,8.49,0,0
13:27,8.49,0,0
13:27,8.49,0,0
13:27,8.49,2547,1
13:27,8.49,0,0
13:27,8.49,1698,1
13:27,8.49,0,0
13:27,8.49,0,0
13:28,8.49,0,0
13:28,8.5,1700,1
13:28,8.49,3396,1
13:28,8.49,0,0
13:28,8.49,0,0
13:28,8.49,1698,1
13:28,8.49,0,0
13:28,8.5,5100,2
13:28,8.5,0,0
13:28,8.49,1698,1
13:28,8.49,0,0
13:28,8.5,1700,2
13:28,8.5,0,0
13:29,8.5,0,0
13:29,8.49,19527,5
13:29,8.49,6792,5
13:29,8.49,0,0
13:29,8.49,1698,1
13:29,8.5,7650,7
13:29,8.5,0,0
13:29,8.5,1700,2
13:29,8.49,16980,2
13:29,8.5,164900,13
13:29,8.5,26350,6
13:29,8.5,15300,4
13:29,8.5,4250,2
13:29,8.5,16150,2
13:29,8.5,34850,4
13:29,8.5,850,1
13:29,8.5,7650,3
13:30,8.5,850,1
13:30,8.5,46750,7
13:30,8.49,10188,2
13:30,8.49,0,0
13:30,8.49,0,0
13:30,8.49,0,0
13:30,8.5,3400,1
13:30,8.5,0,0
13:30,8.5,0,0
13:30,8.5,15300,4
13:30,8.5,0,0
13:30,8.5,0,0
13:30,8.5,0,0
13:30,8.5,0,0
13:30,8.49,1698,1
13:31,8.49,0,0
13:31,8.49,0,0
13:31,8.49,6792,1
13:31,8.49,0,0
13:31,8.49,0,0
13:31,8.49,0,0
13:31,8.49,4245,1
13:31,8.49,1698,1
13:31,8.49,0,0
13:31,8.49,5094,1
13:31,8.49,0,0
13:31,8.49,0,0
13:32,8.49,0,0
13:32,8.49,0,0
13:32,8.49,25470,1
13:32,8.49,5094,1
13:32,8.49,1698,1
13:32,8.49,7641,1
13:32,8.49,11886,1
13:32,8.49,0,0
13:32,8.49,33960,3
13:33,8.49,0,0
13:33,8.49,0,0
13:33,8.49,89145,7
13:33,8.49,0,0
13:33,8.49,1698,1
13:33,8.49,0,0
13:33,8.49,10188,3
13:33,8.49,160461,41
13:33,8.49,32262,22
13:33,8.49,35658,25
13:33,8.49,0,0
13:33,8.49,0,0
13:33,8.49,11037,9
13:33,8.49,0,0
13:33,8.49,0,0
13:34,8.49,16980,3
13:34,8.49,849,1
13:34,8.5,8500,10
13:34,8.49,50091,10
13:34,8.49,0,0
13:34,8.49,0,0
13:34,8.49,152820,10
13:34,8.49,56034,7
13:34,8.49,849,1
13:34,8.49,39054,3
13:34,8.49,0,0
13:34,8.49,84051,22
13:34,8.49,6792,8
13:35,8.49,0,0
13:35,8.49,0,0
13:35,8.49,0,0
13:35,8.48,25440,1
13:35,8.49,849,1
13:35,8.48,1696,1
13:35,8.48,8480,1
13:35,8.48,0,0
13:35,8.48,0,0
13:35,8.48,0,0
13:35,8.48,3392,1
13:35,8.48,0,0
13:36,8.48,0,0
13:36,8.48,1696,1
13:36,8.48,0,0
13:36,8.48,0,0
13:36,8.48,11872,2
13:36,8.48,0,0
13:36,8.48,0,0
13:37,8.48,0,0
13:37,8.48,0,0
13:37,8.48,0,0
13:37,8.48,0,0
13:37,8.49,2547,1
13:37,8.49,0,0
13:37,8.49,5094,1
13:37,8.49,0,0
13:38,8.49,0,0
13:38,8.49,1698,1
13:38,8.49,16980,1
13:38,8.49,0,0
13:38,8.49,0,0
13:38,8.49,0,0
13:38,8.49,0,0
13:38,8.49,0,0
13:38,8.49,0,0
13:39,8.49,42450,6
13:39,8.49,5943,2
13:39,8.49,107823,3
13:39,8.49,8490,4
13:39,8.49,0,0
13:39,8.49,0,0
13:39,8.49,0,0
13:39,8.49,107823,4
13:39,8.49,46695,34
13:39,8.49,9339,8
13:39,8.49,47544,7
13:39,8.49,37356,1
13:40,8.49,0,0
13:40,8.49,79806,3
13:40,8.49,0,0
13:40,8.49,0,0
13:40,8.49,0,0
13:40,8.49,0,0
13:40,8.49,0,0
13:40,8.49,0,0
13:40,8.49,0,0
13:41,8.49,0,0
13:41,8.49,0,0
13:41,8.48,4240,1
13:41,8.48,0,0
13:41,8.48,0,0
13:41,8.48,0,0
13:41,8.48,0,0
13:41,8.48,0,0
13:41,8.48,92432,12
13:41,8.48,2544,1
13:41,8.48,0,0
13:41,8.48,0,0
13:41,8.48,3392,1
13:41,8.48,6784,1
13:42,8.48,0,0
13:42,8.48,27136,1
13:42,8.48,0,0
13:42,8.48,0,0
13:42,8.48,0,0
13:42,8.48,0,0
13:42,8.48,0,0
13:42,8.48,0,0
13:42,8.48,0,0
13:42,8.48,0,0
13:42,8.48,0,0
13:42,8.48,5088,2
13:42,8.48,0,0
13:42,8.48,19504,1
13:42,8.48,0,0
13:42,8.48,0,0
13:42,8.48,0,0
13:43,8.49,8490,1
13:43,8.49,0,0
13:43,8.48,8480,1
13:43,8.48,0,0
13:43,8.48,0,0
13:43,8.48,0,0
13:43,8.48,0,0
13:43,8.48,0,0
13:43,8.49,23772,3
13:44,8.49,0,0
13:44,8.49,0,0
13:44,8.49,0,0
13:44,8.49,0,0
13:44,8.49,0,0
13:44,8.49,204609,47
13:44,8.5,215900,37
13:44,8.5,54400,9
13:45,8.5,0,0
13:45,8.5,850,1
13:45,8.5,0,0
13:45,8.5,0,0
13:45,8.5,0,0
13:45,8.5,0,0
13:45,8.5,0,0
13:45,8.49,42450,3
13:45,8.5,1700,1
13:45,8.5,0,0
13:46,8.5,0,0
13:46,8.5,0,0
13:46,8.5,850,1
13:46,8.49,17829,5
13:46,8.49,2547,1
13:46,8.49,2547,1
13:46,8.49,236022,51
13:46,8.49,11886,6
13:46,8.49,0,0
13:46,8.49,0,0
13:46,8.49,0,0
13:46,8.49,0,0
13:46,8.49,0,0
13:46,8.49,14433,9
13:46,8.49,0,0
13:46,8.49,0,0
13:46,8.49,0,0
13:47,8.49,849,1
13:47,8.49,0,0
13:47,8.49,0,0
13:47,8.49,0,0
13:47,8.49,46695,6
13:47,8.49,0,0
13:47,8.49,0,0
13:47,8.49,849,1
13:47,8.49,0,0
13:47,8.49,0,0
13:47,8.49,12735,1
13:47,8.48,9328,1
13:47,8.49,3396,2
13:47,8.49,0,0
13:48,8.49,0,0
13:48,8.49,0,0
13:48,8.49,0,0
13:48,8.48,1696,1
13:48,8.48,0,0
13:48,8.48,0,0
13:48,8.48,0,0
13:48,8.49,20376,3
13:48,8.49,0,0
13:48,8.49,0,0
13:48,8.49,0,0
13:49,8.49,0,0
13:49,8.48,9328,2
13:49,8.48,0,0
13:49,8.48,0,0
13:49,8.49,849,1
13:49,8.49,0,0
13:49,8.49,0,0
13:49,8.49,0,0
13:50,8.49,0,0
13:50,8.48,12720,1
13:50,8.48,0,0
13:50,8.48,0,0
13:50,8.49,4245,5
13:50,8.49,849,1
13:50,8.49,0,0
13:50,8.49,8490,2
13:50,8.49,0,0
13:50,8.49,0,0
13:51,8.49,0,0
13:51,8.49,0,0
13:51,8.49,50940,7
13:51,8.49,15282,1
13:51,8.49,0,0
13:51,8.49,0,0
13:51,8.49,1698,1
13:51,8.49,3396,1
13:51,8.48,46640,3
13:51,8.48,267968,18
13:51,8.48,78864,28
13:52,8.48,31376,17
13:52,8.48,192496,23
13:52,8.48,26288,15
13:52,8.48,2544,1
13:52,8.48,21200,8
13:52,8.48,0,0
13:52,8.48,30528,2
13:52,8.48,8480,6
13:52,8.48,0,0
13:52,8.48,0,0
13:52,8.48,0,0
13:52,8.48,84800,1
13:52,8.48,11872,1
13:53,8.48,13568,1
13:53,8.49,849,1
13:53,8.48,101760,18
13:53,8.49,5943,1
13:53,8.49,0,0
13:53,8.48,11872,3
13:53,8.48,0,0
13:53,8.48,0,0
13:53,8.48,0,0
13:53,8.48,1696,1
13:54,8.48,0,0
13:54,8.48,25440,6
13:54,8.48,22048,2
13:54,8.49,63675,23
13:54,8.49,78957,13
13:54,8.49,9339,2
13:54,8.49,849,1
13:54,8.49,0,0
13:54,8.49,0,0
13:54,8.49,0,0
13:54,8.48,7632,5
13:54,8.48,0,0
13:55,8.48,0,0
13:55,8.48,0,0
13:55,8.48,0,0
13:55,8.49,4245,2
13:55,8.49,0,0
13:55,8.49,0,0
13:55,8.49,41601,3
13:55,8.49,0,0
13:55,8.49,59430,4
13:55,8.49,0,0
13:55,8.49,0,0
13:55,8.49,0,0
13:56,8.49,0,0
13:56,8.49,0,0
13:56,8.49,0,0
13:56,8.49,0,0
13:56,8.49,0,0
13:56,8.49,0,0
13:57,8.5,997050,26
13:57,8.5,90950,35
13:57,8.5,7650,1
13:57,8.5,0,0
13:57,8.5,0,0
13:57,8.5,0,0
13:57,8.5,0,0
13:57,8.5,0,0
13:57,8.5,54400,2
13:57,8.5,0,0
13:57,8.5,0,0
13:57,8.5,0,0
13:57,8.5,0,0
13:58,8.49,101880,17
13:58,8.49,0,0
13:58,8.5,59500,3
13:58,8.59,3191185,173
13:58,8.65,1928950,137
13:58,8.65,1045785,137
13:58,8.64,274752,55
13:58,8.63,346926,76
13:58,8.62,407726,70
13:58,8.62,138782,21
13:58,8.64,242784,17
13:58,8.66,2778128,156
13:58,8.75,1773625,102
13:58,8.76,360912,42
13:58,8.71,1626157,124
13:58,8.82,2043594,89
13:58,8.81,1170849,83
13:58,8.82,1569960,54
13:59,8.82,776160,69
13:59,8.78,441634,29
13:59,8.77,336768,58
13:59,8.75,73500,22
13:59,8.8,644160,52
13:59,8.78,1308220,60
13:59,8.85,2470035,117
13:59,8.91,1758834,142
13:59,8.93,1438623,89
13:59,8.87,1095445,102
13:59,8.92,339852,34
13:59,8.9,717340,51
13:59,8.86,1145598,76
13:59,8.9,129050,17
13:59,8.9,527770,68
13:59,8.92,671676,50
13:59,8.9,1434680,101
13:59,8.9,703990,31
13:59,8.83,1425162,39
13:59,8.86,590962,21
14:00,8.86,197578,18
14:00,8.81,462525,47
14:00,8.8,762080,59
14:00,8.81,322446,32
14:00,8.81,1509153,28
14:00,8.82,271656,18
14:00,8.83,1252977,63
14:00,8.88,602064,40
14:00,8.82,926100,55
14:00,8.86,335794,80
14:00,8.82,487746,45
14:00,8.87,352139,40
14:00,8.86,268458,46
14:00,8.85,413295,53
14:00,8.84,288184,62
14:00,8.82,314874,67
14:00,8.82,695898,89
14:00,8.8,785840,28
14:00,8.81,408784,32
14:00,8.79,241725,27
14:01,8.8,182160,21
14:01,8.78,287106,32
14:01,8.78,927168,91
14:01,8.78,76386,12
14:01,8.75,39375,13
14:01,8.75,165375,16
14:01,8.75,98000,14
14:01,8.76,247908,15
14:01,8.75,203000,31
14:01,8.74,188784,12
14:01,8.75,96250,10
14:01,8.75,120750,34
14:01,8.74,115368,24
14:01,8.75,1540875,65
14:01,8.73,200790,19
14:01,8.75,525000,60
14:01,8.75,44625,22
14:01,8.74,20976,10
14:01,8.73,364914,67
14:01,8.74,228114,34
14:02,8.74,322506,43
14:02,8.74,515660,44
14:02,8.75,126000,10
14:02,8.75,271250,28
14:02,8.74,367954,42
14:02,8.74,119738,18
14:02,8.73,391104,26
14:02,8.72,442976,56
14:02,8.72,33136,8
14:02,8.71,726414,57
14:02,8.72,258984,51
14:02,8.71,95810,10
14:02,8.71,291785,33
14:02,8.7,815190,85
14:02,8.7,16530,5
14:02,8.7,53940,15
14:02,8.71,335335,31
14:02,8.72,401120,17
14:02,8.71,14807,3
14:02,8.7,408030,23
14:03,8.7,187920,16
14:03,8.7,169650,18
14:03,8.69,679558,68
14:03,8.69,75603,8
14:03,8.69,238975,10
14:03,8.68,476532,46
14:03,8.68,428792,54
14:03,8.66,147220,18
14:03,8.66,1305928,133
14:03,8.66,319554,29
14:03,8.65,64010,7
14:03,8.67,249696,30
14:03,8.67,138720,19
14:03,8.66,46764,7
14:03,8.67,47685,10
14:03,8.66,60620,14
14:03,8.66,60620,11
14:03,8.67,41616,8
14:03,8.68,269080,19
14:03,8.69,567457,19
14:04,8.68,203980,45
14:04,8.68,270816,22
14:04,8.68,211792,54
14:04,8.68,103292,25
14:04,8.69,32153,5
14:04,8.69,386705,39
14:04,8.67,211548,16
14:04,8.68,132804,50
14:04,8.68,33852,4
14:04,8.68,149296,17
14:04,8.68,7812,2
14:04,8.68,42532,2
14:04,8.68,235228,14
14:04,8.68,133672,8
14:04,8.67,730014,35
14:04,8.66,864268,28
14:04,8.65,40655,8
14:04,8.66,146354,22
14:04,8.66,20784,10
14:04,8.65,9515,3
14:05,8.66,10392,2
14:05,8.66,131632,10
14:05,8.66,45032,8
14:05,8.66,110848,15
14:05,8.66,19918,3
14:05,8.66,0,0
14:05,8.67,55488,14
14:05,8.66,236418,38
14:05,8.67,38148,8
14:05,8.65,371085,38
14:05,8.64,97632,13
14:05,8.65,85635,9
14:05,8.65,0,0
14:05,8.65,14705,2
14:05,8.66,9526,2
14:05,8.66,4330,3
14:05,8.66,529126,49
14:05,8.66,50228,3
14:05,8.66,75342,12
14:05,8.66,3464,2
14:06,8.66,18186,4
14:06,8.67,173400,8
14:06,8.67,86700,28
14:06,8.67,100572,24
14:06,8.68,117180,44
14:06,8.67,71094,15
14:06,8.67,29478,3
14:06,8.67,76296,6
14:06,8.68,35588,3
14:06,8.68,86800,8
14:06,8.68,26040,9
14:06,8.67,123981,23
14:06,8.68,131936,46
14:06,8.67,188139,19
14:06,8.67,132651,28
14:06,8.68,414036,28
14:06,8.69,21725,2
14:06,8.69,330220,9
14:06,8.71,182039,12
14:06,8.71,67938,1
14:07,8.71,8710,2
14:07,8.73,271503,27
14:07,8.71,90584,43
14:07,8.71,113230,11
14:07,8.7,32190,3
14:07,8.69,98197,23
14:07,8.69,150337,16
14:07,8.69,225940,13
14:07,8.69,135564,20
14:07,8.69,291984,19
14:07,8.69,155551,10
14:07,8.69,14773,2
14:07,8.69,44319,3
14:07,8.69,373670,15
14:07,8.69,110363,3
14:07,8.7,37410,3
14:07,8.7,219240,9
14:07,8.7,5220,1
14:07,8.71,48776,4
14:07,8.71,91455,8
14:08,8.71,0,0
14:08,8.72,27904,3
14:08,8.72,111616,6
14:08,8.7,348000,34
14:08,8.7,131370,9
14:08,8.7,47850,7
14:08,8.69,72127,7
14:08,8.7,8700,1
14:08,8.69,172062,14
14:08,8.69,188573,22
14:08,8.69,0,0
14:08,8.69,457963,14
14:08,8.67,3468,2
14:08,8.7,503730,18
14:08,8.68,366296,7
14:08,8.69,467522,9
14:08,8.7,128760,13
14:08,8.71,701155,20
14:08,8.7,161820,28
14:08,8.71,16549,6
14:09,8.7,67860,8
14:09,8.71,366691,18
14:09,8.71,73164,5
14:09,8.73,251424,17
14:09,8.74,47196,3
14:09,8.74,4370,1
14:09,8.73,53253,3
14:09,8.72,142136,5
14:09,8.72,404608,11
14:09,8.71,160264,12
14:09,8.71,158522,17
14:09,8.7,291450,21
14:09,8.7,70470,5
14:09,8.7,99180,6
14:09,8.69,22594,1
14:09,8.7,15660,1
14:09,8.69,8690,2
14:09,8.7,11310,2
14:09,8.69,328482,22
14:09,8.7,131370,10
14:10,8.7,17400,1
14:10,8.7,27840,8
14:10,8.7,99180,15
14:10,8.7,11310,4
14:10,8.71,92326,6
14:10,8.69,33022,7
14:10,8.7,9570,2
14:10,8.7,83520,17
14:10,8.7,22620,2
14:10,8.73,773478,31
14:10,8.72,173528,14
14:10,8.73,64602,3
14:10,8.73,5238,2
14:10,8.73,73332,5
14:10,8.73,0,0
14:10,8.72,15696,1
14:10,8.72,162192,4
14:10,8.73,333486,18
14:10,8.7,67860,5
14:10,8.7,0,0
14:11,8.72,75864,11
14:11,8.7,52200,4
14:11,8.71,89713,15
14:11,8.71,73164,6
14:11,8.71,34840,7
14:11,8.71,39195,7
14:11,8.71,20904,3
14:11,8.71,8710,1
14:11,8.7,236640,3
14:11,8.71,120198,12
14:11,8.71,63583,4
14:11,8.7,110490,11
14:11,8.7,57420,6
14:11,8.71,31356,4
14:11,8.71,322270,9
14:11,8.69,425810,11
14:11,8.69,58223,4
14:11,8.7,10440,3
14:11,8.69,2607,1
14:11,8.69,6952,1
14:12,8.7,10440,1
14:12,8.7,0,0
14:12,8.7,135720,5
14:12,8.83,2994253,142
14:12,8.78,601430,28
14:12,8.8,125840,10
14:12,8.8,157520,6
14:12,8.8,44880,10
14:12,8.82,150822,6
14:12,8.8,90640,8
14:12,8.8,163680,23
14:12,8.8,173360,21
14:12,8.78,75508,15
14:12,8.79,24612,4
14:12,8.79,56256,3
14:12,8.78,35998,5
14:12,8.76,33288,5
14:12,8.77,7893,2
14:12,8.76,68328,10
14:12,8.76,68328,7
14:13,8.75,90125,11
14:13,8.75,91000,9
14:13,8.76,91104,11
14:13,8.75,80500,15
14:13,8.75,59500,8
14:13,8.74,98762,6
14:13,8.74,13984,4
14:13,8.73,26190,7
14:13,8.72,27032,3
14:13,8.73,20952,3
14:13,8.72,24416,5
14:13,8.73,72459,7
14:13,8.73,97776,9
14:13,8.74,156446,14
14:13,8.8,1123760,50
14:13,8.71,87100,4
14:13,8.73,70713,16
14:13,8.73,0,0
14:13,8.77,19294,1
14:13,8.77,201710,8
14:14,8.76,53436,5
14:14,8.75,218750,11
14:14,8.75,97125,9
14:14,8.73,138807,10
14:14,8.73,103887,10
14:14,8.75,875,1
14:14,8.75,46375,5
14:14,8.74,5244,2
14:14,8.74,0,0
14:14,8.74,0,0
14:14,8.75,56000,9
14:14,8.73,37539,6
14:14,8.75,13125,2
14:14,8.75,89250,6
14:14,8.75,35000,1
14:14,8.75,65625,9
14:14,8.73,516816,24
14:14,8.73,13095,3
14:14,8.73,166743,13
14:14,8.72,27032,6
14:15,8.74,113620,7
14:15,8.74,139840,12
14:15,8.74,16606,2
14:15,8.8,987360,50
14:15,8.78,398612,7
14:15,8.76,18396,5
14:15,8.76,0,0
14:15,8.77,2631,3
14:15,8.78,7024,1
14:15,8.78,0,0
14:15,8.78,80776,7
14:15,8.79,152067,2
14:15,8.8,114400,14
14:15,8.8,180400,6
14:15,8.81,210559,31
14:15,8.8,320320,8
14:15,8.81,380592,18
14:15,8.81,127745,8
14:15,8.81,336542,23
14:15,8.82,109368,8
14:16,8.83,241942,29
14:16,8.82,245196,19
14:16,8.83,312582,21
14:16,8.82,233730,12
14:16,8.83,115673,30
14:16,8.81,295135,24
14:16,8.83,10596,3
14:16,8.83,237527,27
14:16,8.82,52038,6
14:16,8.81,111006,12
14:16,8.81,284563,18
14:16,8.78,571578,16
14:16,8.8,10560,2
14:16,8.8,0,0
14:16,8.8,31680,6
14:16,8.79,112512,5
14:16,8.79,15822,4
14:16,8.79,138003,4
14:16,8.79,2637,2
14:16,8.78,93946,9
14:17,8.79,93174,11
14:17,8.79,42192,2
14:17,8.79,45708,13
14:17,8.79,3516,1
14:17,8.8,242000,16
14:17,8.79,108996,3
14:17,8.79,81747,8
14:17,8.8,124960,4
14:17,8.8,103840,3
14:17,8.8,165440,6
14:17,8.79,153825,8
14:17,8.8,152240,5
14:17,8.79,174042,5
14:17,8.82,1763118,46
14:17,8.82,530082,37
14:17,8.82,256662,33
14:17,8.82,172872,3
14:17,8.82,498330,12
14:17,8.82,227556,7
14:17,8.82,16758,2
14:18,8.81,117173,6
14:18,8.8,359920,12
14:18,8.81,321565,10
14:18,8.8,88000,2
14:18,8.8,28160,3
14:18,8.8,311520,13
14:18,8.81,14977,2
14:18,8.81,7929,3
14:18,8.8,63360,7
14:18,8.8,174240,15
14:18,8.81,10572,4
14:18,8.83,1074611,35
14:18,8.86,1944335.9,80
14:18,8.87,63864,14
14:18,8.88,666888,54
14:18,8.9,1089360,52
14:18,8.93,2278936,84
14:18,8.92,780500,61
14:18,8.95,1190350,73
14:18,9,2009700,93
14:19,9,1165500,80
14:19,9,639000,28
14:19,9,525600,57
14:19,9.01,921723,76
14:19,8.97,1574235,110
14:19,8.96,559104,30
14:19,8.97,339066,47
14:19,8.95,571905,31
14:19,8.97,367770,23
14:19,8.95,304300,14
14:19,8.95,183475,15
14:19,9,1765800,99
14:19,8.96,319872,16
14:19,8.97,669162,43
14:19,8.96,52864,4
14:19,8.97,260130,39
14:19,8.98,47594,6
14:19,8.97,583947,25
14:19,8.97,131859,17
14:19,8.97,66378,11
14:20,8.98,271196,25
14:20,8.97,335478,19
14:20,8.96,530432,28
14:20,8.96,349440,22
14:20,8.93,256291,20
14:20,8.92,655620,32
14:20,8.9,1469390,20
14:20,8.91,987228,39
14:20,8.9,199360,15
14:20,8.9,153970,12
14:20,8.88,37296,24
14:20,8.88,43512,15
14:20,8.88,52392,18
14:20,8.88,888,1
14:20,8.89,174244,12
14:20,8.9,458350,14
14:20,8.89,111125,12
14:20,8.88,37296,6
14:20,8.89,137795,6
14:20,8.88,377400,20
14:21,8.88,56832,13
14:21,8.88,109224,9
14:21,8.88,189144,22
14:21,8.97,1027962,70
14:21,8.99,285882,27
14:21,9.03,3853101,200
14:21,9.04,220576,24
14:21,9.05,387340,25
14:21,9.05,787350,51
14:21,9.08,518468,67
14:21,9.07,360986,27
14:21,9.08,294192,42
14:21,9.08,1983072,109
14:21,9.09,631755,67
14:21,9.09,746289,55
14:21,9.1,366730,46
14:21,9.09,1182609,150
14:21,9.09,436320,28
14:21,9.09,468135,56
14:21,9.09,259974,33
14:22,9.09,646299,31
14:22,9.09,859005,88
14:22,9.07,198633,29
14:22,9.07,692948,58
14:22,9.01,82892,12
14:22,9.01,0,0
14:22,8.99,26071,7
14:22,8.99,161820,17
14:22,9,88200,13
14:22,9.01,223448,35
14:22,9.02,147928,21
14:22,9.02,43296,6
14:22,9.02,119064,8
14:22,9.03,336819,31
14:22,9.03,258258,17
14:22,9.02,36982,9
14:22,9.01,149566,20
14:22,8.99,1530997,92
14:22,8.99,13485,5
14:22,8.98,9878,5
14:23,8.98,30532,3
14:23,8.98,83514,11
14:23,8.98,26042,5
14:23,8.97,61893,7
14:23,8.97,210795,18
14:23,8.97,80730,4
14:23,8.97,316641,13
14:23,8.95,9845,4
14:23,8.95,142305,10
14:23,8.95,220170,10
14:23,8.96,60032,9
14:23,8.95,140515,10
14:23,8.96,107520,15
14:23,8.96,573440,18
14:23,8.98,46696,3
14:23,8.98,20654,6
14:23,8.97,65481,11
14:23,8.98,26042,11
14:23,8.98,173314,8
14:23,8.98,643866,26
14:24,8.97,107640,9
14:24,8.97,272688,15
14:24,8.97,8970,1
14:24,8.97,115713,16
14:24,8.97,30498,3
14:24,8.97,30498,5
14:24,8.97,35880,2
14:24,8.97,188370,3
14:24,8.97,110331,8
14:24,8.97,383916,13
14:24,8.97,98670,11
14:24,8.96,174720,21
14:24,8.96,49280,5
14:24,8.96,100352,3
14:24,8.95,39380,3
14:24,8.96,215040,11
14:24,8.96,0,0
14:24,8.96,67200,10
14:24,8.96,12544,3
14:24,8.97,167739,10
14:25,8.97,81627,4
14:25,8.97,29601,5
14:25,8.97,104949,5
14:25,8.98,305320,16
14:25,8.99,71920,8
14:25,8.99,140244,6
14:25,8.99,198679,23
14:25,8.99,289478,23
14:25,9,550800,60
14:25,9,30600,12
14:25,9.01,700978,36
14:25,9.01,221646,20
14:25,9.02,61336,7
14:25,9.01,174794,26
14:25,9.02,32472,10
14:25,9.03,264579,21
14:25,9.03,137256,24
14:25,9.03,78561,13
14:25,9.03,284445,34
14:25,9.04,178088,16
14:26,9.05,600015,33
14:26,9.05,289600,41
14:26,9.02,187616,33
14:26,9.05,408155,54
14:26,9.04,415840,27
14:26,9.02,40590,4
14:26,9.01,136952,8
14:26,9.01,59466,16
14:26,8.99,56637,21
14:26,8.98,35022,11
14:26,9,79200,13
14:26,9,198000,18
14:26,8.98,26042,9
14:26,9,87300,8
14:26,8.99,37758,4
14:26,8.98,60166,6
14:26,8.99,50344,4
14:26,8.99,37758,4
14:26,9,221400,16
14:26,9,137700,9
14:27,9,228600,18
14:27,9.01,295528,25
14:27,9.03,457821,38
14:27,9.02,270600,6
14:27,9.02,220088,15
14:27,9.01,187408,27
14:27,9.01,54961,6
14:27,9.01,14416,5
14:27,9.02,56826,10
14:27,9.01,254082,23
14:27,9,197100,15
14:27,9.02,66748,14
14:27,9.01,8109,4
14:27,8.99,240033,28
14:27,8.99,899,1
14:27,9,156600,29
14:27,8.98,138292,14
14:27,8.99,48546,5
14:27,8.98,114046,10
14:27,8.98,43104,6
14:28,8.99,49445,10
14:28,8.98,10776,3
14:28,8.98,34124,3
14:28,8.98,53880,2
14:28,8.98,898,1
14:28,8.97,104949,8
14:28,8.97,101361,11
14:28,8.97,10764,1
14:28,8.97,6279,2
14:28,8.96,3584,2
14:28,8.96,129920,9
14:28,8.96,56448,12
14:28,8.95,84130,1
14:28,8.95,35800,5
14:28,8.95,256865,25
14:28,8.94,48276,7
14:28,8.94,9834,3
14:28,8.95,10740,1
14:28,8.94,34866,9
14:28,8.93,66082,4
14:29,8.93,16074,2
14:29,8.94,181482,13
14:29,8.92,38356,6
14:29,8.92,128448,7
14:29,8.91,120285,10
14:29,8.91,49896,7
14:29,8.91,28512,5
14:29,8.92,217648,16
14:29,8.93,41078,7
14:29,8.93,36613,5
14:29,8.91,24948,10
14:29,8.93,174135,22
14:29,8.93,84835,8
14:29,8.93,20539,3
14:29,8.93,12502,2
14:29,8.94,127842,7
14:29,8.94,78672,8
14:29,8.92,96336,7
14:29,8.94,26820,3
14:29,8.93,8930,1
14:30,8.93,18753,5
14:30,8.93,63403,3
14:30,8.93,175921,17
14:30,8.92,94552,21
14:30,8.92,189996,22
14:30,8.92,0,0
14:30,8.91,283338,20
14:30,8.91,7128,4
14:30,8.92,48168,5
14:30,8.92,474544,26
14:30,8.92,200700,15
14:30,8.91,37422,6
14:30,8.91,0,0
14:30,8.91,4455,2
14:30,8.91,54351,7
14:30,8.91,0,0
14:30,8.9,98790,11
14:30,8.9,0,0
14:30,8.9,51620,5
14:30,8.91,205821,22
14:31,8.9,330190,22
14:31,8.9,0,0
14:31,8.9,250980,15
14:31,8.89,90678,2
14:31,8.9,329300,7
14:31,8.9,89000,12
14:31,8.89,375158,12
14:31,8.89,40894,5
14:31,8.89,5334,5
14:31,8.89,25781,3
14:31,8.89,89789,2
14:31,8.89,26670,1
14:31,8.9,890,1
14:31,8.89,147574,6
14:31,8.9,15130,1
14:31,8.89,35560,2
14:31,8.89,27559,2
14:31,8.89,0,0
14:31,8.89,5334,1
14:32,8.89,159131,14
14:32,8.89,66675,13
14:32,8.89,251587,15
14:32,8.89,10668,1
14:32,8.89,0,0
14:32,8.89,36449,4
14:32,8.9,19580,4
14:32,8.9,312390,21
14:32,8.9,37380,5
14:32,8.9,57850,6
14:32,8.89,44450,5
14:32,8.89,17780,1
14:32,8.9,46280,7
14:32,8.9,23140,2
14:32,8.9,78320,12
14:32,8.9,99680,9
14:32,8.9,462800,29
14:32,8.91,142560,10
14:32,8.91,98010,4
14:32,8.91,70389,7
14:33,8.92,106148,4
14:33,8.92,172156,12
14:33,8.92,15164,3
14:33,8.92,86524,7
14:33,8.93,64296,4
14:33,8.93,60724,5
14:33,8.93,71440,8
14:33,8.93,181279,8
14:33,8.93,109839,39
14:33,8.93,67868,15
14:33,8.93,25004,11
14:33,8.93,27683,9
14:33,8.94,352236,21
14:33,8.93,50008,3
14:33,8.92,202484,17
14:33,8.91,47223,2
14:33,8.94,62580,7
14:33,8.92,1784,2
14:33,8.93,28576,6
14:33,8.93,16074,3
14:34,8.93,28576,2
14:34,8.92,54412,3
14:34,8.92,298820,35
14:34,8.91,71280,12
14:34,8.93,59831,6
14:34,8.91,154143,4
14:34,8.91,434808,11
14:34,8.91,50787,5
14:34,8.91,6237,1
14:34,8.91,77517,10
14:34,8.91,0,0
14:34,8.91,9801,2
14:34,8.91,13365,4
14:34,8.91,206712,10
14:34,8.91,53460,10
14:34,8.91,57024,16
14:34,8.91,81081,9
14:34,8.91,8019,2
14:34,8.91,58806,1
14:34,8.91,5346,2
14:35,8.91,3564,2
14:35,8.91,0,0
14:35,8.9,7120,1
14:35,8.9,7120,2
14:35,8.9,8010,2
14:35,8.91,179091,11
14:35,8.91,71280,4
14:35,8.9,53400,2
14:35,8.9,48950,5
14:35,8.9,10680,1
14:35,8.91,15147,3
14:35,8.91,18711,5
14:35,8.9,7120,1
14:35,8.9,2670,1
14:35,8.91,40095,6
14:35,8.9,4450,1
14:35,8.9,56070,2
14:35,8.9,26700,2
14:35,8.9,18690,2
14:36,8.91,24057,6
14:36,8.9,28480,4
14:36,8.91,112266,10
14:36,8.91,17820,1
14:36,8.9,5340,2
14:36,8.91,158598,12
14:36,8.9,29370,6
14:36,8.9,9790,7
14:36,8.9,0,0
14:36,8.9,0,0
14:36,8.91,167508,22
14:36,8.9,136170,20
14:36,8.91,51678,5
14:36,8.9,168210,6
14:36,8.91,58806,21
14:36,8.9,17800,2
14:36,8.9,0,0
14:36,8.9,0,0
14:36,8.9,31150,6
14:36,8.9,11570,3
14:37,8.9,17800,2
14:37,8.9,17800,1
14:37,8.9,51620,3
14:37,8.9,370240,55
14:37,8.9,22250,9
14:37,8.9,0,0
14:37,8.9,97010,4
14:37,8.9,0,0
14:37,8.89,53340,10
14:37,8.89,20447,4
14:37,8.9,222500,17
14:37,8.89,24892,3
14:37,8.89,16002,7
14:37,8.89,152019,16
14:37,8.89,16002,1
14:37,8.9,10680,2
14:37,8.89,9779,3
14:37,8.89,889,1
14:37,8.9,83660,5
14:37,8.89,39116,7
14:38,8.89,16002,2
14:38,8.89,1778,1
14:38,8.89,0,0
14:38,8.89,0,0
14:38,8.89,276479,9
14:38,8.89,44450,3
14:38,8.89,5334,2
14:38,8.9,15130,3
14:38,8.89,1778,1
14:38,8.89,152908,23
14:38,8.89,39116,7
14:38,8.89,7112,4
14:38,8.89,0,0
14:38,8.89,8001,2
14:38,8.9,10680,5
14:38,8.89,104013,4
14:38,8.89,34671,5
14:38,8.88,15096,2
14:38,8.88,9768,2
14:39,8.88,626928,21
14:39,8.89,197358,17
14:39,8.88,51504,6
14:39,8.88,134088,20
14:39,8.88,158064,23
14:39,8.88,68376,6
14:39,8.88,122544,10
14:39,8.88,156288,35
14:39,8.88,162504,13
14:39,8.87,46124,5
14:39,8.87,8870,3
14:39,8.87,75395,8
14:39,8.87,70960,6
14:39,8.87,15966,3
14:39,8.86,886,1
14:39,8.87,51446,3
14:39,8.87,18627,1
14:39,8.87,887,1
14:39,8.87,60316,7
14:39,8.86,19492,2
14:40,8.86,0,0
14:40,8.86,79740,2
14:40,8.87,190705,9
14:40,8.87,17740,1
14:40,8.87,16853,4
14:40,8.87,0,0
14:40,8.86,3544,2
14:40,8.86,165682,10
14:40,8.86,886,1
14:40,8.87,4435,1
14:40,8.86,27466,4
14:40,8.86,33668,7
14:40,8.86,8860,2
14:40,8.86,40756,7
14:40,8.86,1772,2
14:40,8.86,35440,10
14:40,8.87,18627,3
14:40,8.87,0,0
14:40,8.87,5322,1
14:40,8.86,12404,5
14:41,8.86,158594,13
14:41,8.86,90372,13
14:41,8.86,0,0
14:41,8.86,18606,1
14:41,8.85,50445,8
14:41,8.85,170805,14
14:41,8.84,40664,10
14:41,8.85,8850,1
14:41,8.85,0,0
14:41,8.85,0,0
14:41,8.84,26520,6
14:41,8.84,34476,6
14:41,8.84,14144,3
14:41,8.84,18564,2
14:41,8.84,135252,8
14:41,8.84,113152,2
14:41,8.84,1768,1
14:41,8.84,0,0
14:41,8.83,6181,3
14:41,8.82,143766,9
14:42,8.84,43316,2
14:42,8.83,24724,3
14:42,8.83,62693,9
14:42,8.83,67108,7
14:42,8.83,37086,4
14:42,8.83,12362,5
14:42,8.83,22075,3
14:42,8.83,78587,2
14:42,8.83,14128,1
14:42,8.83,29139,2
14:42,8.84,3536,1
14:42,8.83,8830,2
14:42,8.83,58278,10
14:42,8.83,0,0
14:42,8.83,138631,11
14:42,8.83,13245,2
14:42,8.83,63576,4
14:42,8.83,225165,15
14:42,8.83,93598,1
14:42,8.84,114036,6
14:43,8.83,48565,13
14:43,8.83,128035,4
14:43,8.83,58278,5
14:43,8.83,0,0
14:43,8.83,34437,8
14:43,8.83,0,0
14:43,8.84,51272,5
14:43,8.84,3536,1
14:43,8.84,75140,4
14:43,8.83,166004,17
14:43,8.83,117439,20
14:43,8.84,123760,13
14:43,8.83,149227,14
14:43,8.83,0,0
14:43,8.83,15011,4
14:43,8.84,13260,3
14:43,8.83,22075,4
14:43,8.84,95472,8
14:43,8.84,30056,3
14:43,8.84,1768,1
14:44,8.82,209916,29
14:44,8.84,107848,15
14:44,8.83,4415,1
14:44,8.83,0,0
14:44,8.83,137748,13
14:44,8.83,29139,3
14:44,8.83,2649,1
14:44,8.83,28256,4
14:44,8.82,4410,2
14:44,8.82,28224,6
14:44,8.82,0,0
14:44,8.82,48510,12
14:44,8.83,109492,4
14:44,8.83,7947,3
14:44,8.83,232229,8
14:44,8.82,6174,1
14:44,8.82,16758,7
14:44,8.83,16777,2
14:44,8.83,11479,3
14:44,8.83,123620,13
14:45,8.83,17660,8
14:45,8.83,51214,9
14:45,8.83,8830,3
14:45,8.83,3532,1
14:45,8.82,10584,2
14:45,8.82,292824,13
14:45,8.82,0,0
14:45,8.82,1764,1
14:45,8.83,136865,9
14:45,8.83,31788,4
14:45,8.84,123760,14
14:45,8.84,27404,2
14:45,8.84,0,0
14:45,8.84,4420,1
14:45,8.85,17700,2
14:45,8.85,0,0
14:45,8.85,75225,7
14:45,8.85,190275,9
14:45,8.85,107085,15
14:45,8.85,54870,13
14:46,8.85,100005,18
14:46,8.85,13275,6
14:46,8.85,11505,4
14:46,8.85,96465,5
14:46,8.85,0,0
14:46,8.85,0,0
14:46,8.86,275546,20
14:46,8.86,36326,6
14:46,8.86,14176,2
14:46,8.85,9735,2
14:46,8.86,62020,14
14:46,8.86,21264,2
14:46,8.86,32782,9
14:46,8.86,37212,5
14:46,8.86,194920,26
14:46,8.87,20401,5
14:46,8.86,92144,5
14:46,8.86,23036,4
14:46,8.85,10620,2
14:46,8.86,13290,3
14:47,8.86,32782,2
14:47,8.86,0,0
14:47,8.85,325680,20
14:47,8.84,140556,42
14:47,8.84,21216,10
14:47,8.84,72488,5
14:47,8.84,19448,3
14:47,8.84,0,0
14:47,8.84,39780,2
14:47,8.83,44150,1
14:47,8.84,15912,2
14:47,8.83,45916,6
14:47,8.83,51214,12
14:47,8.84,12376,4
14:47,8.83,28256,3
14:47,8.83,143929,27
14:47,8.84,20332,3
14:47,8.83,15011,2
14:47,8.83,113024,6
14:47,8.82,98784,15
14:48,8.82,19404,3
14:48,8.82,14994,6
14:48,8.82,10584,3
14:48,8.82,5292,3
14:48,8.82,5292,5
14:48,8.82,13230,5
14:48,8.82,40572,6
14:48,8.82,9702,1
14:48,8.82,15876,3
14:48,8.82,8820,1
14:48,8.82,7056,1
14:48,8.82,88200,6
14:48,8.82,14112,4
14:48,8.82,42336,7
14:48,8.82,141120,26
14:48,8.82,25578,5
14:48,8.82,58212,5
14:48,8.82,882,1
14:48,8.81,881,1
14:48,8.82,322812,20
14:49,8.82,49392,7
14:49,8.82,56448,5
14:49,8.82,19404,3
14:49,8.82,51156,13
14:49,8.82,388080,12
14:49,8.82,1764,1
14:49,8.82,0,0
14:49,8.82,0,0
14:49,8.82,118188,9
14:49,8.82,8820,2
14:49,8.82,54684,4
14:49,8.82,47628,8
14:49,8.82,0,0
14:49,8.82,4410,1
14:49,8.82,45864,2
14:49,8.82,74970,4
14:49,8.83,15894,4
14:49,8.82,22932,4
14:49,8.82,14112,3
14:49,8.82,18522,2
14:50,8.83,271081,31
14:50,8.83,227814,23
14:50,8.83,50331,12
14:50,8.84,194480,28
14:50,8.83,61810,4
14:50,8.83,0,0
14:50,8.83,7947,9
14:50,8.83,883,1
14:50,8.83,37086,4
14:50,8.83,37086,4
14:50,8.83,0,0
14:50,8.83,53863,6
14:50,8.84,7956,1
14:50,8.83,37086,1
14:50,8.84,50388,4
14:50,8.84,228956,34
14:50,8.84,117572,16
14:50,8.84,8840,2
14:50,8.84,60112,15
14:50,8.84,120224,12
14:51,8.85,27435,3
14:51,8.84,161772,7
14:51,8.84,7072,1
14:51,8.84,143208,22
14:51,8.84,236028,11
14:51,8.84,24752,5
14:51,8.84,99892,10
14:51,8.84,27404,7
14:51,8.84,7956,3
14:51,8.84,14144,3
14:51,8.83,16777,6
14:51,8.83,45033,10
14:51,8.84,2652,1
14:51,8.83,44150,7
14:51,8.84,22984,4
14:51,8.83,59161,2
14:51,8.83,286092,20
14:51,8.83,30905,6
14:51,8.84,81328,2
14:51,8.84,204204,4
14:52,8.84,0,0
14:52,8.83,203973,2
14:52,8.84,176800,5
14:52,8.84,134368,12
14:52,8.83,148344,11
14:52,8.83,41501,5
14:52,8.83,0,0
14:52,8.83,1766,1
14:52,8.83,99779,4
14:52,8.83,18543,3
14:52,8.83,30022,4
14:52,8.81,570007,39
14:52,8.82,190512,12
14:52,8.82,0,0
14:52,8.81,493360,38
14:52,8.82,4410,1
14:52,8.82,91728,9
14:52,8.82,4410,2
14:52,8.83,68874,6
14:52,8.83,0,0
14:53,8.81,48455,6
14:53,8.82,14994,6
14:53,8.82,44100,3
14:53,8.82,60858,6
14:53,8.82,31752,7
14:53,8.82,73206,9
14:53,8.83,31788,5
14:53,8.83,180132,19
14:53,8.83,572184,15
14:53,8.83,716113,46
14:53,8.82,1212750,67
14:53,8.82,49392,4
14:53,8.82,0,0
14:53,8.82,0,0
14:53,8.82,47628,14
14:53,8.82,15876,5
14:53,8.82,56448,4
14:53,8.83,98013,11
14:53,8.83,16777,3
14:53,8.84,53924,8
14:54,8.85,7965,3
14:54,8.84,8840,1
14:54,8.84,884,1
14:54,8.84,31824,4
14:54,8.84,0,0
14:54,8.84,884,1
14:54,8.84,0,0
14:54,8.85,432765,22
14:54,8.85,119475,12
14:54,8.85,69030,8
14:54,8.85,55755,11
14:54,8.84,151164,13
14:54,8.83,2649,2
14:54,8.84,14144,3
14:54,8.84,104312,12
14:54,8.84,24752,7
14:54,8.85,186735,16
14:54,8.86,147962,21
14:54,8.86,74424,4
14:54,8.86,28352,6
14:55,8.86,13290,4
14:55,8.88,1316904,54
14:55,8.88,377400,5
14:55,8.88,294816,25
14:55,8.89,42672,4
14:55,8.89,230251,18
14:55,8.9,577610,16
14:55,8.9,113030,9
14:55,8.91,147906,10
14:55,8.91,103356,12
14:55,8.9,193130,22
14:55,8.9,148630,17
14:55,8.9,92560,11
14:55,8.91,264627,19
14:55,8.91,89100,7
14:55,8.91,182655,12
14:55,8.91,153252,11
14:55,8.91,144342,5
14:55,8.92,265816,16
14:55,8.91,91773,4
14:56,8.91,239679,15
14:56,8.92,271168,22
14:56,8.92,28544,8
14:56,8.92,189996,11
14:56,8.92,120420,7
14:56,8.92,181968,14
14:56,8.93,171456,10
14:56,8.91,261954,12
14:56,8.92,82956,9
14:56,8.92,21408,6
14:56,8.92,214080,19
14:56,8.92,69576,6
14:56,8.93,102695,7
14:56,8.92,119528,9
14:56,8.93,238431,21
14:56,8.93,151810,12
14:56,8.92,462948,14
14:56,8.93,87514,5
14:56,8.92,11596,2
14:56,8.93,94658,8
14:57,8.93,45543,3
14:57,8.93,0,0
14:57,8.93,0,0
14:57,8.93,0,0
14:57,8.93,0,0
14:57,8.93,0,0
14:57,8.93,0,0
14:58,8.93,0,0
14:58,8.93,0,0
14:58,8.93,0,0
14:58,8.93,0,0
14:58,8.93,0,0
14:58,8.93,0,0
14:58,8.93,0,0
14:59,8.93,0,0
14:59,8.93,0,0
14:59,8.93,0,0
14:59,8.93,0,0
14:59,8.93,0,0
14:59,8.93,0,0
15:00,8.93,5121355,306
15:05,8.93,0,0
15:06,8.93,0,0
15:12,8.93,0,0
15:22,8.93,893,1
15:29,8.93,51794,2
15:29,--,--,--
15:29,--,--,--
15:29,--,--,--
15:29,1.238969e+242,1.238969e+242,1.238969e+242
15:30,NUL,NUL,NUL
